App behavioral analysis using system calls,http://ebiquity.umbc.edu/_file_directory_/papers/843.pdf,http://ebiquity.umbc.edu/_file_directory_/papers/843.pdf,2017,ebiquity.umbc.edu
Data-driven software security: Models and methods,http://ieeexplore.ieee.org/abstract/document/7536362/,https://arxiv.org/pdf/1605.08797,2016,ieeexplore.ieee.org
A survey of app store analysis for software engineering,http://ieeexplore.ieee.org/abstract/document/7765038/,http://ieeexplore.ieee.org/iel7/32/4359463/07765038.pdf,2016,ieeexplore.ieee.org
On Demystifying the Android Application Framework: Re-Visiting Android Permission Specification Analysis.,https://www.usenix.org/system/files/conference/usenixsecurity16/sec16_paper_backes-android.pdf,https://www.usenix.org/system/files/conference/usenixsecurity16/sec16_paper_backes-android.pdf,2016,usenix.org
The Feasibility of Dynamically Granted Permissions: Aligning Mobile Privacy with User Preferences,https://arxiv.org/abs/1703.02090,https://arxiv.org/pdf/1703.02090,2017,arxiv.org
Checking app user interfaces against app descriptions,http://dl.acm.org/citation.cfm?id=2993265,http://software.imdea.org/~alessandra.gorla/papers/Kuznetsov-UIDescriptions-WAMA16.pdf,2016,dl.acm.org
Harvesting Runtime Values in Android Applications That Feature Anti-Analysis Techniques.,http://www.bodden.de/pubs/ssme16harvesting.pdf,http://www.bodden.de/pubs/ssme16harvesting.pdf,2016,bodden.de
Investigating the relationship between price, rating, and popularity in the Blackberry World App Store,http://www.sciencedirect.com/science/article/pii/S095058491730215X,http://www.sciencedirect.com/science/article/pii/S095058491730215X,2017,Elsevier
Droid Mood Swing (DMS): Automatic Security Modes Based on Contexts,https://link.springer.com/chapter/10.1007/978-3-319-69659-1_18,https://link.springer.com/chapter/10.1007/978-3-319-69659-1_18,2017,Springer
A taxonomy and qualitative comparison of program analysis techniques for security assessment of Android software,http://ieeexplore.ieee.org/abstract/document/7583740/,http://ieeexplore.ieee.org/abstract/document/7583740/,2016,ieeexplore.ieee.org
Detecting behavior anomalies in graphical user interfaces,http://dl.acm.org/citation.cfm?id=3098412,https://www.st.cs.uni-saarland.de/appmining/backstage/backstage_tech_report.pdf,2017,dl.acm.org
Toward engineering a secure android ecosystem: A survey of existing techniques,http://dl.acm.org/citation.cfm?id=2963145,http://www.cc.gatech.edu/~yjang37/assets/papers/2016/xu:android-survey.pdf,2016,dl.acm.org
A Multi-view Context-aware Approach to Android Malware Detection and Malicious Code Localization,https://arxiv.org/abs/1704.01759,https://arxiv.org/pdf/1704.01759,2017,arxiv.org
A survey on the use of topic models when mining software repositories,http://link.springer.com/article/10.1007/s10664-015-9402-8,https://www.researchgate.net/profile/Ahmed_E_Hassan/publication/282963924_A_survey_on_the_use_of_topic_models_when_mining_software_repositories/links/578e62b408ae35e97c3f7003/A-survey-on-the-use-of-topic-models-when-mining-software-repositories.pdf,2016,Springer
Sok: Lessons learned from android security research for appified software platforms,http://ieeexplore.ieee.org/abstract/document/7546516/,https://trust.cispa.saarland/~bugiel/publications/pdfs/androidsok-sp16.pdf,2016,ieeexplore.ieee.org
Crowdsourcing User Reviews to Support the Evolution of Mobile Apps,https://www.sciencedirect.com/science/article/pii/S0164121217302807,https://www.sciencedirect.com/science/article/pii/S0164121217302807,2017,Elsevier
Release Practices for Mobile Apps--What do Users and Developers Think?,http://ieeexplore.ieee.org/abstract/document/7476674/,http://ieeexplore.ieee.org/abstract/document/7476674/,2016,ieeexplore.ieee.org
Exploring decision making with Android's runtime permission dialogs using in-context surveys,https://www.usenix.org/system/files/conference/soups2017/soups2017-bonne.pdf,https://www.usenix.org/system/files/conference/soups2017/soups2017-bonne.pdf,NTaft,2017
On the automatic classification of app reviews,http://link.springer.com/article/10.1007/s00766-016-0251-9,https://mast.informatik.uni-hamburg.de/wp-content/uploads/2016/05/2016_AutomaticClassification_Journal_Preprint.pdf,2016,Springer
Mobile app and app store analysis, testing and optimisation,http://dl.acm.org/citation.cfm?id=2897076,http://discovery.ucl.ac.uk/1514780/1/Sarro_MobileSoft16Keynote.pdf,2016,dl.acm.org
Spam mobile apps: Characteristics, detection, and in the wild analysis,http://dl.acm.org/citation.cfm?id=3007901,https://research.csiro.au/ng/wp-content/uploads/sites/106/2017/06/TWEB_2017.pdf,2017,dl.acm.org
R-droid: Leveraging android app analysis with static slice optimization,http://dl.acm.org/citation.cfm?id=2897927,https://trust.cispa.saarland/~bugiel/publications/pdfs/derr-asiaccs16.pdf,2016,dl.acm.org
More semantics more robust: Improving android malware classifiers,http://dl.acm.org/citation.cfm?id=2939931,http://groups.inf.ed.ac.uk/security/appguarden/papers/WiSec16.pdf,2016,dl.acm.org
Context-aware, Adaptive and Scalable Android Malware Detection through Online Learning (extended version),https://arxiv.org/abs/1706.00947,https://arxiv.org/pdf/1706.00947,2017,arxiv.org
Context-Aware, Adaptive, and Scalable Android Malware Detection Through Online Learning,http://ieeexplore.ieee.org/abstract/document/7935482/,http://ieeexplore.ieee.org/abstract/document/7935482/,2017,ieeexplore.ieee.org
Identifying User-Input Privacy in Mobile Applications at a Large Scale,http://ieeexplore.ieee.org/abstract/document/7752986/,http://ieeexplore.ieee.org/abstract/document/7752986/,2017,ieeexplore.ieee.org
ACCUSE: helping users to minimize Android app privacy concerns,http://dl.acm.org/citation.cfm?id=3104108,http://dl.acm.org/citation.cfm?id=3104108,2017,dl.acm.org
Generating API Call Rules from Version History and Stack Overflow Posts,http://dl.acm.org/citation.cfm?id=2990497,https://users.encs.concordia.ca/~pcr/paper/Azad2017TOSEM.pdf,2017,dl.acm.org
Understanding the purpose of permission use in mobile apps,http://dl.acm.org/citation.cfm?id=3086677,http://www.cmuchimps.org/uploads/publication/paper/183/understanding_the_purpose_of_permission_use_in_mobile_apps.pdf,2017,dl.acm.org
Reverse Engineering Android Apps With CodeInspect,https://www.rasthofer.info/publications/paper/IMPS2016-codeinspect-invited.pdf,https://www.rasthofer.info/publications/paper/IMPS2016-codeinspect-invited.pdf,2016,rasthofer.info
On automatically detecting similar android apps,http://ieeexplore.ieee.org/abstract/document/7503721/,https://pdfs.semanticscholar.org/430b/4c08b7cc4d34e62f947a6f99e10f2da0f57a.pdf,2016,ieeexplore.ieee.org
Future trends in software engineering research for mobile apps,http://ieeexplore.ieee.org/abstract/document/7476770/,http://www.se.rit.edu/~mei/publications/pdfs/Future-Trends-in-Software-Engineering-Research-for-Mobile-Apps.pdf,2016,ieeexplore.ieee.org
Continuous, evolutionary and large-scale: A new perspective for automated mobile app testing,http://ieeexplore.ieee.org/abstract/document/8094439/,https://pdfs.semanticscholar.org/5574/74fbba5e7818dcad54f1e794d88d1620836c.pdf,2017,ieeexplore.ieee.org
Clustering mobile apps based on mined textual features,http://dl.acm.org/citation.cfm?id=2962600,http://www0.cs.ucl.ac.uk/staff/fsarro/resource/papers/ESEM16-AppClustering.pdf,2016,dl.acm.org
An empirical study of emergency updates for top android mobile apps,http://link.springer.com/article/10.1007/s10664-016-9435-7,http://sail.cs.queensu.ca/Downloads/EMSE2016_AnEmpiricalStudyofEmergencyUpdatesforTopAndroidMobileApps.pdf,2017,Springer
Same app, different app stores: a comparative study,http://dl.acm.org/citation.cfm?id=3104099,http://salt.ece.ubc.ca/publications/docs/mobilesoft17.pdf,2017,dl.acm.org
An Analysis of the Privacy and Security Risks of Android VPN Permission-enabled Apps,http://dl.acm.org/citation.cfm?id=2987471,http://eprints.networks.imdea.org/1505/2/Analysis_Privacy_Security_Risks_Android_VPN_Permission-enabled_App_2016.pdf,2016,dl.acm.org
SAFE: A Simple Approach for Feature Extraction from App Descriptions and App Reviews,http://ieeexplore.ieee.org/abstract/document/8048887/,http://ieeexplore.ieee.org/abstract/document/8048887/,2017,ieeexplore.ieee.org
Which Factor Impacts GUI Traversal-Based Test Case Generation Technique Most? A Controlled Experiment on Android Applications,http://ieeexplore.ieee.org/abstract/document/8009905/,http://lcs.ios.ac.cn/~zhangzy/paper/QRS2017Jiang.pdf,2017,ieeexplore.ieee.org
Predicting Android application security and privacy risk with static code metrics,http://dl.acm.org/citation.cfm?id=3104109,http://dl.acm.org/citation.cfm?id=3104109,2017,dl.acm.org
Concept Clustering in Design Teams: A Comparison of Human and Machine Clustering,https://mechanicaldesign.asmedigitalcollection.asme.org/article.aspx?articleid=2647768,https://mechanicaldesign.asmedigitalcollection.asme.org/article.aspx?articleid=2647768,2017,… .asmedigitalcollection.asme.org
Understanding Diverse Usage Patterns from Large-Scale Appstore-Service Profiles,http://ieeexplore.ieee.org/abstract/document/7883939/,http://ieeexplore.ieee.org/iel7/32/4359463/07883939.pdf,2017,ieeexplore.ieee.org
From the Service-Oriented Architecture to the Web API Economy,http://ieeexplore.ieee.org/abstract/document/7529010/,http://ieeexplore.ieee.org/abstract/document/7529010/,2016,ieeexplore.ieee.org
Characterizing malicious Android apps by mining topic-specific data flow signatures,http://www.sciencedirect.com/science/article/pii/S095058491730366X,http://ink.library.smu.edu.sg/cgi/viewcontent.cgi?article=4677&context=sis_research,2017,Elsevier
DAPASA: detecting android piggybacked apps through sensitive subgraph analysis,http://ieeexplore.ieee.org/abstract/document/7887707/,http://ieeexplore.ieee.org/abstract/document/7887707/,2017,ieeexplore.ieee.org
Mining sandboxes,http://ieeexplore.ieee.org/abstract/document/7886890/,https://www.boxmate.org/files/boxmate-camera-ready.pdf,2016,ieeexplore.ieee.org
A review of significance of energy-consumption anomaly in malware detection in mobile devices,https://www.researchgate.net/profile/Jameel_Qadri/publication/310135168_A_Review_of_Significance_of_Energy-Consumption_Anomaly_in_Malware_Detection_in_Mobile_Devices/links/5829946e08ae825cda7ee907/A-Review-of-Significance-of-Energy-Consumption-Anomaly-in-Malware-Detection-in-Mobile-Devices.pdf,https://www.researchgate.net/profile/Jameel_Qadri/publication/310135168_A_Review_of_Significance_of_Energy-Consumption_Anomaly_in_Malware_Detection_in_Mobile_Devices/links/5829946e08ae825cda7ee907/A-Review-of-Significance-of-Energy-Consumption-Anomaly-in-Malware-Detection-in-Mobile-Devices.pdf,2016,researchgate.net
Mining android apps to recommend permissions,http://ieeexplore.ieee.org/abstract/document/7476663/,http://ieeexplore.ieee.org/abstract/document/7476663/,2016,ieeexplore.ieee.org
App Miscategorization Detection: A Case Study on Google Play,http://ieeexplore.ieee.org/abstract/document/7885558/,http://ieeexplore.ieee.org/abstract/document/7885558/,2017,ieeexplore.ieee.org
An empirical study on Android-related vulnerabilities,http://dl.acm.org/citation.cfm?id=3104192,https://arxiv.org/pdf/1704.03356,2017,dl.acm.org
Deep Learning for Design in Concept Clustering,http://proceedings.asmedigitalcollection.asme.org/proceeding.aspx?articleid=2661848,http://best.berkeley.edu/wp-content/uploads/2017/09/DETC2017-68352.pdf,2017,… .asmedigitalcollection.asme.org
On robust malware classifiers by verifying unwanted behaviours,http://link.springer.com/chapter/10.1007/978-3-319-33693-0_21,http://groups.inf.ed.ac.uk/security/appguarden/papers/iFM16.pdf,2016,Springer
Android malware detection using complex-flows,http://ieeexplore.ieee.org/abstract/document/7980206/,http://cs.ucf.edu/~mohaisen/doc/17-icdcs-android.pdf,2017,ieeexplore.ieee.org
Specialized Binary Analysis for Vetting Android APPS Using GUI Logic,http://www.dtic.mil/docs/citations/AD1008347,http://www.dtic.mil/dtic/tr/fulltext/u2/1008347.pdf,AMemon,2016
Automated analysis of privacy requirements for mobile apps,http://www.aaai.org/ocs/index.php/FSS/FSS16/paper/download/14113/13704,http://www.aaai.org/ocs/index.php/FSS/FSS16/paper/download/14113/13704,2017,aaai.org
UiRef: analysis of sensitive user inputs in Android applications,http://dl.acm.org/citation.cfm?id=3098247,http://taoxie.cs.illinois.edu/publications/wisec17-uiref.pdf,2017,dl.acm.org
Crowdsourced exploration of mobile app features: a case study of the fort mcmurray wildfire,http://dl.acm.org/citation.cfm?id=3103228,http://dl.acm.org/citation.cfm?id=3103228,2017,dl.acm.org
AndroZoo++: Collecting Millions of Android Apps and Their Metadata for the Research Community,https://arxiv.org/abs/1709.05281,https://arxiv.org/pdf/1709.05281,2017,arxiv.org
Mobile GUI testing,https://link.springer.com/article/10.1007/s11219-017-9387-1,https://link.springer.com/article/10.1007/s11219-017-9387-1,2017,Springer
Characterizing Android apps' behavior for effective detection of malapps at large scale,http://www.sciencedirect.com/science/article/pii/S0167739X17307720,http://www.sciencedirect.com/science/article/pii/S0167739X17307720,2017,Elsevier
Lightweight, obfuscation-resilient detection and family identification of android malware,http://seal.ics.uci.edu/publications/2017_TOSEM_lightweight.pdf,http://seal.ics.uci.edu/publications/2017_TOSEM_lightweight.pdf,NEsfahani…,2016
Statis Program Analysis for Reliable, Trusted Apps,http://www.dtic.mil/docs/citations/AD1027177,http://www.dtic.mil/get-tr-doc/pdf?AD=AD1027177,MErnst,2017
Evaluation of android malware detection based on system calls,http://dl.acm.org/citation.cfm?id=2875487,http://soarlab.org/publications/iwspa2016-daur.pdf,2016,dl.acm.org
Can we trust the privacy policies of android apps?,http://ieeexplore.ieee.org/abstract/document/7579770/,http://www4.comp.polyu.edu.hk/~csxluo/PPChecker.pdf,2016,ieeexplore.ieee.org
Understanding Diverse Smarpthone Usage Patterns from Large-Scale Appstore-Service Profiles,https://arxiv.org/abs/1702.05060,https://arxiv.org/pdf/1702.05060,2017,arxiv.org
A text-mining approach to explain unwanted behaviours,http://dl.acm.org/citation.cfm?id=2905763,http://www.research.ed.ac.uk/portal/files/25027491/paper.pdf,2016,dl.acm.org
Mining Mobile App Markets for Prioritization of Security Assessment Effort,http://www.ics.uci.edu/~seal/publications/2017_WAMA_Mining.pdf,http://www.ics.uci.edu/~seal/publications/2017_WAMA_Mining.pdf,SMalek,2017
Wise mobile icons organization: Apps taxonomy classification using functionality mining to ease apps finding,https://www.hindawi.com/journals/misy/2016/3083450/abs/,http://downloads.hindawi.com/journals/misy/2016/3083450.pdf,2016,hindawi.com
Toward Detecting Collusive Ranking Manipulation Attackers in Mobile App Markets,http://dl.acm.org/citation.cfm?id=3053022,http://dl.acm.org/ft_gateway.cfm?id=3053022&type=pdf,2017,dl.acm.org
What security questions do developers ask? a large-scale study of stack overflow posts,http://link.springer.com/article/10.1007/s11390-016-1672-0,http://ink.library.smu.edu.sg/cgi/viewcontent.cgi?article=4578&context=sis_research,2016,Springer
Anomadroid: Profiling Android Applications' Behaviors for Identifying Unknown Malapps,http://ieeexplore.ieee.org/abstract/document/7847010/,http://ieeexplore.ieee.org/abstract/document/7847010/,2016,ieeexplore.ieee.org
Flowintent: Detecting privacy leakage from user intention to network traffic mapping,http://ieeexplore.ieee.org/abstract/document/7732993/,https://arxiv.org/pdf/1605.04025,2016,ieeexplore.ieee.org
Mining Unstructured Data in Software Repositories: Current and Future Trends,http://ieeexplore.ieee.org/abstract/document/7476768/,http://www.inf.usi.ch/faculty/bavota/papers/fose_mud.pdf,2016,ieeexplore.ieee.org
Integration of Multi-modal Features for Android Malware Detection Using Linear SVM,http://ieeexplore.ieee.org/abstract/document/7782071/,http://ieeexplore.ieee.org/abstract/document/7782071/,2016,ieeexplore.ieee.org
AppMining,https://dl.gi.de/handle/20.500.12116/1298,https://dl.gi.de/bitstream/handle/20.500.12116/1298/paper44.pdf?sequence=1&isAllowed=y,2017,dl.gi.de
A Skewness-Based Framework for Mobile App Permission Recommendation and Risk Evaluation,http://link.springer.com/chapter/10.1007/978-3-319-46295-0_16,http://link.springer.com/chapter/10.1007/978-3-319-46295-0_16,2016,Springer
More insight from being more focused: analysis of clustered market apps,http://dl.acm.org/citation.cfm?id=2993266,http://dl.acm.org/citation.cfm?id=2993266,2016,dl.acm.org
Improving Dynamic Analysis of Android Apps Using Hybrid Test Input Generation,https://arxiv.org/abs/1705.06691,https://arxiv.org/pdf/1705.06691,2017,arxiv.org
A study of grayware on google play,http://ieeexplore.ieee.org/abstract/document/7527773/,https://pdfs.semanticscholar.org/328c/e47e85339ff47d4977bd6545d761f2ff8b2f.pdf,2016,ieeexplore.ieee.org
Code Comment Analysis for Improving Software Quality,https://www.sciencedirect.com/science/article/pii/B9780124115194000173,https://www.sciencedirect.com/science/article/pii/B9780124115194000173,2016,Elsevier
App Update Patterns: How Developers Act on User Reviews in Mobile App Stores,https://link.springer.com/chapter/10.1007/978-3-319-69035-3_9,https://link.springer.com/chapter/10.1007/978-3-319-69035-3_9,2017,Springer
Starving Permission-Hungry Android Apps Using SecuRank,http://dl.acm.org/citation.cfm?id=2989032,https://ora.ox.ac.uk/objects/uuid:831ef11d-fa97-4151-9dd8-2a69d816f056/datastreams/ATTACHMENT01,2016,dl.acm.org
Revisiting the description-to-behavior fidelity in android applications,http://ieeexplore.ieee.org/abstract/document/7476662/,http://www4.comp.polyu.edu.hk/~csxluo/TAPVerifier.pdf,2016,ieeexplore.ieee.org
Android repository mining for detecting publicly accessible functions missing permission checks,http://dl.acm.org/citation.cfm?id=3101455,http://ink.library.smu.edu.sg/cgi/viewcontent.cgi?article=4685&context=sis_research,2017,dl.acm.org
MOCDroid: multi-objective evolutionary classifier for Android malware detection,http://link.springer.com/article/10.1007/s00500-016-2283-y,http://link.springer.com/article/10.1007/s00500-016-2283-y,2016,Springer
Android app behaviour classification using topic modeling techniques and outlier detection using app permissions,http://ieeexplore.ieee.org/abstract/document/7913246/,http://ieeexplore.ieee.org/abstract/document/7913246/,2016,ieeexplore.ieee.org
Understanding third-party libraries in mobile app analysis,http://dl.acm.org/citation.cfm?id=3098523,http://sei.pku.edu.cn/~yaoguo/papers/Wang-ICSE-17.pdf,2017,dl.acm.org
A deep learning approach to android malware feature learning and detection,http://ieeexplore.ieee.org/abstract/document/7846953/,http://ieeexplore.ieee.org/abstract/document/7846953/,2016,ieeexplore.ieee.org
Android App Malicious Behavior Detection Based on User Intention,http://ieeexplore.ieee.org/abstract/document/7846993/,http://ieeexplore.ieee.org/abstract/document/7846993/,2016,ieeexplore.ieee.org
App Store Analysis for Software Engineering,http://discovery.ucl.ac.uk/1537482/,http://discovery.ucl.ac.uk/1537482/1/App_Store_Analysis_Thesis_William_Martin.pdf,WJMartin,2017
Analysis of machine learning solutions to detect malware in android,http://ieeexplore.ieee.org/abstract/document/7845073/,http://ieeexplore.ieee.org/abstract/document/7845073/,2016,ieeexplore.ieee.org
A Framework for Permission Recommendation and Risk Evaluation Based on Skewness-Based Filtering,http://ieeexplore.ieee.org/abstract/document/7557526/,http://ieeexplore.ieee.org/abstract/document/7557526/,2016,ieeexplore.ieee.org
Institute for Software Research,http://isr.uci.edu/sites/isr.uci.edu/files/techreports/UCI-ISR-16-1.pdf,http://isr.uci.edu/sites/isr.uci.edu/files/techreports/UCI-ISR-16-1.pdf,SMalek,2016
SemFuzz: Semantics-based Automatic Generation of Proof-of-Concept Exploits,http://159.226.94.50:9001/paper/conference/semfuzz-semantics-based.pdf,http://159.226.94.50:9001/paper/conference/semfuzz-semantics-based.pdf,PBian…,2017
INSPIRED: Intention-based Privacy-preserving Permission Model,https://arxiv.org/abs/1709.06654,https://arxiv.org/pdf/1709.06654,2017,arxiv.org
CALAPPA: a toolchain for mining android applications,http://dl.acm.org/citation.cfm?id=2993262,http://software.imdea.org/~alessandra.gorla/papers/Avdiienko-CALAPPA-WAMA16.pdf,2016,dl.acm.org
On the effectiveness of application characteristics in the automatic classification of malware on smartphones,http://ieeexplore.ieee.org/abstract/document/7888732/,https://www.cs.drexel.edu/~spiros/papers/malcon2016.pdf,2016,ieeexplore.ieee.org
A Semantic-based Analysis of Android Malware for Detection, Generation, and Trend Analysis,http://www.ntu.edu.sg/home/yangliu/publications/guozhuthesis.pdf,http://www.ntu.edu.sg/home/yangliu/publications/guozhuthesis.pdf,GMeng,2017
Sovereignty of the Apps: There's more to Relevance than Downloads,https://arxiv.org/abs/1611.10161,https://arxiv.org/pdf/1611.10161,2016,arxiv.org
Mining and characterizing hybrid apps,http://dl.acm.org/citation.cfm?id=2993263,http://dl.acm.org/citation.cfm?id=2993263,2016,dl.acm.org
Context-dependent privacy and security management on mobile devices,http://ebiquity.umbc.edu/get/a/publication/853.pdf,http://ebiquity.umbc.edu/get/a/publication/853.pdf,2017,ebiquity.umbc.edu
Measuring the risk value of sensitive dataflow path in Android applications,http://onlinelibrary.wiley.com/doi/10.1002/sec.1746/full,http://onlinelibrary.wiley.com/doi/10.1002/sec.1746/full,2016,WileyOnlineLibrary
ADROIT: Android malware detection using meta-information,http://ieeexplore.ieee.org/abstract/document/7849904/,https://pdfs.semanticscholar.org/aff0/a90d564bc33a6fc1bfb16bfae12655efd28c.pdf,2016,ieeexplore.ieee.org
Mining androzoo: A retrospect,http://ieeexplore.ieee.org/abstract/document/8094480/,http://orbilu.uni.lu/bitstream/10993/31868/1/MiningAndroZoo-3.pdf,2017,ieeexplore.ieee.org
Investigating the android apps' success: An empirical study,http://ieeexplore.ieee.org/abstract/document/7503724/,http://ieeexplore.ieee.org/abstract/document/7503724/,2016,ieeexplore.ieee.org
Shifting testing beyond the deployment boundary,http://ieeexplore.ieee.org/abstract/document/7809432/,http://ieeexplore.ieee.org/abstract/document/7809432/,2016,ieeexplore.ieee.org
Towards Trusted Apps platforms for open CPS,http://ieeexplore.ieee.org/abstract/document/7503692/,http://ieeexplore.ieee.org/abstract/document/7503692/,2016,ieeexplore.ieee.org
Mining Collective Opinions for Comparison of Mobile Apps,http://www.sciencedirect.com/science/article/pii/S1877050916317732,http://www.sciencedirect.com/science/article/pii/S1877050916317732,2016,Elsevier
The Usability of Metadata for Android Application Analysis,http://link.springer.com/chapter/10.1007/978-3-319-46687-3_60,http://link.springer.com/chapter/10.1007/978-3-319-46687-3_60,2016,Springer
Interactive visualization toolbox to detect sophisticated android malware,http://ieeexplore.ieee.org/abstract/document/8062197/,https://ben-holland.com/papers/Interactive_Visualization_Toolbox_to_Detect_Sophisticated_Android_Malware.pdf,2017,ieeexplore.ieee.org
SecuRank: Starving Permission-Hungry Apps Using Contextual Permission Analysis,http://dl.acm.org/citation.cfm?id=2994474,http://dl.acm.org/citation.cfm?id=2994474,2016,dl.acm.org
Using Machine Learning to Improve Internet Privacy,http://www.sebastianzimmeck.de/zimmeckDissertation.pdf,http://www.sebastianzimmeck.de/zimmeckDissertation.pdf,SZimmeck,2017
There are many apps for that: quantifying the availability of privacy-preserving apps,https://www.repository.cam.ac.uk/handle/1810/266673,https://www.repository.cam.ac.uk/bitstream/handle/1810/266673/TaylorBeresfordMartinovic-ManyAppsForThat-WiSec2017%20(1)%20(1).pdf?sequence=1,IMartinovic,2017
Improving Mobile-Malware Investigations with Static and Dynamic Code Analysis Techniques,http://tuprints.ulb.tu-darmstadt.de/id/eprint/5911,http://tuprints.ulb.tu-darmstadt.de/id/eprint/5911,SRasthofer,2017
Explaining Unwanted Behaviours in Context.,http://www.research.ed.ac.uk/portal/files/25088194/IMPS_2016_paper_1_2.pdf,http://www.research.ed.ac.uk/portal/files/25088194/IMPS_2016_paper_1_2.pdf,2016,research.ed.ac.uk
Modeling app behavior from multiple artifacts,http://ieeexplore.ieee.org/abstract/document/7515493/,http://ieeexplore.ieee.org/abstract/document/7515493/,2016,ieeexplore.ieee.org
Data Science Challenges to Improve Quality Assurance of Internet of Things Applications,http://link.springer.com/chapter/10.1007/978-3-319-47169-3_54,https://www.researchgate.net/profile/Michael_Felderer/publication/308894272_Data_Science_Challenges_to_Improve_Quality_Assurance_of_Internet_of_Things_Applications/links/59ed15964585151983ccd951/Data-Science-Challenges-to-Improve-Quality-Assurance-of-Internet-of-Things-Applications.pdf,2016,Springer
A Deep and Longitudinal Approach to Mining Mobile Applications,http://search.proquest.com/openview/e98fce9f656abee080927f60f67b08ab/1?pq-origsite=gscholar&cbl=18750&diss=y,http://search.proquest.com/openview/e98fce9f656abee080927f60f67b08ab/1?pq-origsite=gscholar&cbl=18750&diss=y,KAAlharbi,2016
Automated App Categorization using API analysis,http://www0.cs.ucl.ac.uk/staff/y.jia/resources/studentprojects/Kelly_Zhou_Automated_App_Categorization_using%20API_analysis.pdf,http://www0.cs.ucl.ac.uk/staff/y.jia/resources/studentprojects/Kelly_Zhou_Automated_App_Categorization_using%20API_analysis.pdf,JIZHOU,2016
多维度的安卓应用相似度分析,http://www.airitilibrary.com/Publication/alDetailedMesh?docid=jsjkx201603037,http://www.airitilibrary.com/Publication/alDetailedMesh?docid=jsjkx201603037,2016,airitilibrary.com
基于 SVM 的 Android 应用程序安全检测综述,http://www.arocmag.com/getarticle/?aid=5cec5a2b8e38ab65,http://www.arocmag.com/getarticle/?aid=5cec5a2b8e38ab65,2017,arocmag.com
基于元数据的 Spam App 检测与研究,http://www.cqvip.com/qk/96111a/201609/670238714.html,http://www.cqvip.com/qk/96111a/201609/670238714.html,2016,cqvip.com
Automatically inferring and enforcing user expectations,http://dl.acm.org/citation.cfm?id=3098236,http://dl.acm.org/citation.cfm?id=3098236,2017,dl.acm.org
pDroid,http://trace.tennessee.edu/utk_gradthes/4020/,http://trace.tennessee.edu/cgi/viewcontent.cgi?article=5254&context=utk_gradthes,JLAllen,2016
Institute for Software Research,https://pdfs.semanticscholar.org/6050/ec7f45e6a9d11549b977be896b01081731ec.pdf,https://pdfs.semanticscholar.org/6050/ec7f45e6a9d11549b977be896b01081731ec.pdf,ORDLightweight,2016
Diseño e implementación de un módulo para la detección de aplicaciones móviles maliciosas en mercados online,http://oa.upm.es/id/eprint/47204,http://oa.upm.es/47204/1/TFG_SILVIA_SEBASTIAN_GONZALEZ.pdf,SSebastiánGonzález,2017
