A survey of app store analysis for software engineering,http://ieeexplore.ieee.org/abstract/document/7765038/,http://ieeexplore.ieee.org/iel7/32/4359463/07765038.pdf,2016,ieeexplore.ieee.org
Understanding Android application programming and security: A dynamic study,http://ieeexplore.ieee.org/abstract/document/8094436/,https://www.researchgate.net/profile/Haipeng_Cai/publication/320191142_Understanding_Android_Application_Programming_and_Security_A_Dynamic_Study/links/59d3e309a6fdcc181ad9493b/Understanding-Android-Application-Programming-and-Security-A-Dynamic-Study.pdf,2017,ieeexplore.ieee.org
Enabling mutation testing for android apps,https://arxiv.org/abs/1707.09038,https://arxiv.org/pdf/1707.09038,2017,arxiv.org
Crowd intelligence enhances automated mobile testing,http://dl.acm.org/citation.cfm?id=3155569,https://research.fb.com/wp-content/uploads/2017/09/ase17_polariz_camera_ready.pdf,2017,dl.acm.org
Robotic Testing of Mobile Apps for Truly Black-Box Automation,http://ieeexplore.ieee.org/abstract/document/7888396/,http://ieeexplore.ieee.org/abstract/document/7888396/,2017,ieeexplore.ieee.org
AndroVault: Constructing Knowledge Graph from Millions of Android Apps for Automated Computing,https://arxiv.org/abs/1711.07451,https://arxiv.org/pdf/1711.07451,2017,arxiv.org
How do developers test android applications?,http://ieeexplore.ieee.org/abstract/document/8094467/,https://pdfs.semanticscholar.org/aba7/15684f049746785cd2033e0ea92cd38b4912.pdf,2017,ieeexplore.ieee.org
Continuous, evolutionary and large-scale: A new perspective for automated mobile app testing,http://ieeexplore.ieee.org/abstract/document/8094439/,https://pdfs.semanticscholar.org/5574/74fbba5e7818dcad54f1e794d88d1620836c.pdf,2017,ieeexplore.ieee.org
Automation of Android Applications Testing Using Machine Learning Activities Classification,https://arxiv.org/abs/1709.00928,https://arxiv.org/pdf/1709.00928,2017,arxiv.org
On-device bug reporting for Android applications,http://dl.acm.org/citation.cfm?id=3104133,https://www.kpmoran.com/s/ODBR-MobileSoft-Tool-Demo-Submission-Final.pdf,2017,dl.acm.org
Which Factor Impacts GUI Traversal-Based Test Case Generation Technique Most? A Controlled Experiment on Android Applications,http://ieeexplore.ieee.org/abstract/document/8009905/,http://lcs.ios.ac.cn/~zhangzy/paper/QRS2017Jiang.pdf,2017,ieeexplore.ieee.org
Addressing challenges in obtaining high coverage when model checking Android applications,http://dl.acm.org/citation.cfm?id=3092302,https://researchspace.csir.co.za/dspace/bitstream/handle/10204/9601/Botha_19521_2017.pdf?sequence=1,2017,dl.acm.org
AimDroid: Activity-Insulated Multi-level Automated Testing for Android Applications,http://ieeexplore.ieee.org/abstract/document/8094413/,http://ieeexplore.ieee.org/abstract/document/8094413/,2017,ieeexplore.ieee.org
Automatic text input generation for mobile testing,http://dl.acm.org/citation.cfm?id=3097445,http://dl.acm.org/citation.cfm?id=3097445,2017,dl.acm.org
EHBDroid: beyond GUI testing for Android applications,http://dl.acm.org/citation.cfm?id=3155570,https://www.researchgate.net/profile/Wei_Song33/publication/320564643_EHBDroid_Beyond_GUI_Testing_for_Android_Applications/links/59edfff44585154350e7fb50/EHBDroid-Beyond-GUI-Testing-for-Android-Applications.pdf,2017,dl.acm.org
Xdroid: Testing Android Apps with Dependency Injection,http://ieeexplore.ieee.org/abstract/document/8029611/,http://ieeexplore.ieee.org/abstract/document/8029611/,2017,ieeexplore.ieee.org
ChimpCheck: property-based randomized test generation for interactive apps,http://dl.acm.org/citation.cfm?id=3133853,https://arxiv.org/pdf/1708.08613,2017,dl.acm.org
SimplyDroid: efficient event sequence simplification for Android application,http://dl.acm.org/citation.cfm?id=3155603,http://dl.acm.org/citation.cfm?id=3155603,2017,dl.acm.org
Event tree algorithms to generate test sequences for composite Web services,http://onlinelibrary.wiley.com/doi/10.1002/stvr.1637/full,http://onlinelibrary.wiley.com/doi/10.1002/stvr.1637/full,2017,WileyOnlineLibrary
Guided, stochastic model-based GUI testing of Android apps,http://dl.acm.org/citation.cfm?id=3106298,http://dl.acm.org/citation.cfm?id=3106298,2017,dl.acm.org
Application of search-based software engineering methodologies for test suite optimization and evolution in mission critical mobile application development,http://dl.acm.org/citation.cfm?id=3119876,http://dl.acm.org/citation.cfm?id=3119876,2017,dl.acm.org
Empirical evaluation of conditional operators in GP based fault localization,http://dl.acm.org/citation.cfm?id=3071263,http://dl.acm.org/citation.cfm?id=3071263,2017,dl.acm.org
The evolutionary landscape of SBST: a 10 year perspective,http://dl.acm.org/citation.cfm?id=3105437,http://dl.acm.org/citation.cfm?id=3105437,2017,dl.acm.org
Mitigating (and exploiting) test reduction slippage.,https://www.cs.cmu.edu/~agroce/atest16.pdf,https://www.cs.cmu.edu/~agroce/atest16.pdf,2016,cs.cmu.edu
Towards Improving the Quality of Mobile Apps by Leveraging Crowdsourced Feedback,https://tel.archives-ouvertes.fr/tel-01418298/,https://tel.archives-ouvertes.fr/tel-01418298/file/2016_gomez_thesis-final.pdf,MGomez,2016
ADROIT: Android malware detection using meta-information,http://ieeexplore.ieee.org/abstract/document/7849904/,https://pdfs.semanticscholar.org/aff0/a90d564bc33a6fc1bfb16bfae12655efd28c.pdf,2016,ieeexplore.ieee.org
Caret-HM: recording and replaying Android user sessions with heat map generation using UI state clustering,http://dl.acm.org/citation.cfm?id=3098231,http://dl.acm.org/citation.cfm?id=3098231,2017,dl.acm.org
Reuse of model-based tests in mobile apps,http://dl.acm.org/citation.cfm?id=3131160,http://dl.acm.org/citation.cfm?id=3131160,2017,dl.acm.org
Research and Development on Software Testing Techniques and Tools,https://www.igi-global.com/chapter/research-and-development-on-software-testing-techniques-and-tools/184447,https://www.igi-global.com/chapter/research-and-development-on-software-testing-techniques-and-tools/184447,2018,igi
