Recon: Revealing and controlling pii leaks in mobile network traffic,http://dl.acm.org/citation.cfm?id=2906392,https://arxiv.org/pdf/1507.00255,2016,dl.acm.org
A survey of app store analysis for software engineering,http://ieeexplore.ieee.org/abstract/document/7765038/,http://ieeexplore.ieee.org/iel7/32/4359463/07765038.pdf,2016,ieeexplore.ieee.org
On Demystifying the Android Application Framework: Re-Visiting Android Permission Specification Analysis.,https://www.usenix.org/system/files/conference/usenixsecurity16/sec16_paper_backes-android.pdf,https://www.usenix.org/system/files/conference/usenixsecurity16/sec16_paper_backes-android.pdf,2016,usenix.org
Semi-automated discovery of server-based information oversharing vulnerabilities in Android applications,http://dl.acm.org/citation.cfm?id=3092708,http://cs-people.bu.edu/wfkoch/my-data/pubs/sifon.pdf,2017,dl.acm.org
Intra-Library Collusion: A Potential Privacy Nightmare on Smartphones,https://arxiv.org/abs/1708.03520,https://arxiv.org/pdf/1708.03520,2017,arxiv.org
* droid: Assessment and Evaluation of Android Application Analysis Tools,http://dl.acm.org/citation.cfm?id=2996358,http://dl.acm.org/citation.cfm?id=2996358,2016,dl.acm.org
What Mobile Ads Know About Mobile Users.,https://www.researchgate.net/profile/Daehyeok_Kim/publication/316145559_What_Mobile_Ads_Know_About_Mobile_Users/links/58f24076458515ff23af3445/What-Mobile-Ads-Know-About-Mobile-Users.pdf,https://www.researchgate.net/profile/Daehyeok_Kim/publication/316145559_What_Mobile_Ads_Know_About_Mobile_Users/links/58f24076458515ff23af3445/What-Mobile-Ads-Know-About-Mobile-Users.pdf,2016,researchgate.net
Are these Ads Safe: Detecting Hidden Attacks through the Mobile App-Web Interfaces.,http://www.internetsociety.org/sites/default/files/blogs-media/ads-safe-detecting-hidden-attacks-through-mobile-app-web-interfaces.pdf,http://www.internetsociety.org/sites/default/files/blogs-media/ads-safe-detecting-hidden-attacks-through-mobile-app-web-interfaces.pdf,2016,internetsociety.org
A taxonomy and qualitative comparison of program analysis techniques for security assessment of Android software,http://ieeexplore.ieee.org/abstract/document/7583740/,http://ieeexplore.ieee.org/abstract/document/7583740/,2016,ieeexplore.ieee.org
Fingerprinting mobile devices using personalized configurations,https://www.degruyter.com/view/j/popets.2016.2016.issue-1/popets-2015-0027/popets-2015-0027.xml,https://www.degruyter.com/downloadpdf/j/popets.2016.2016.issue-1/popets-2015-0027/popets-2015-0027.xml,2016,degruyter.com
Advertising-based Measurement: A Platform of 7 Billion Mobile Devices,https://pdfs.semanticscholar.org/714b/0c77a33658bdf5ed65054d3951c51387463a.pdf,https://pdfs.semanticscholar.org/714b/0c77a33658bdf5ed65054d3951c51387463a.pdf,AUpreti,2017
Life after App Uninstallation: Are the Data Still Alive? Data Residue Attacks on Android.,https://xzhang35.expressions.syr.edu/wp-content/uploads/2015/10/android_data_residue.pdf,https://xzhang35.expressions.syr.edu/wp-content/uploads/2015/10/android_data_residue.pdf,2016,xzhang35.expressions.syr.edu
Free for All! Assessing User Data Exposure to Advertising Libraries on Android.,http://www.internetsociety.org/sites/default/files/blogs-media/free-for-all-assessing-user-data-exposure-advertising-libraries-android.pdf,http://www.internetsociety.org/sites/default/files/blogs-media/free-for-all-assessing-user-data-exposure-advertising-libraries-android.pdf,2016,internetsociety.org
Measurement, Modeling, and Analysis of the Mobile App Ecosystem,http://dl.acm.org/citation.cfm?id=2993419,http://dl.acm.org/citation.cfm?id=2993419,2017,dl.acm.org
On the Origin of Mobile Apps: Network Provenance for Android Applications,http://dl.acm.org/citation.cfm?id=2857712,https://pdfs.semanticscholar.org/1666/3dd92bef302efc9cf3813f7448de8ea0768f.pdf,2016,dl.acm.org
In-Depth Survey of Digital Advertising Technologies,http://ieeexplore.ieee.org/abstract/document/7390161/,http://ieeexplore.ieee.org/abstract/document/7390161/,2016,ieeexplore.ieee.org
Sok: Lessons learned from android security research for appified software platforms,http://ieeexplore.ieee.org/abstract/document/7546516/,https://trust.cispa.saarland/~bugiel/publications/pdfs/androidsok-sp16.pdf,2016,ieeexplore.ieee.org
Reliable third-party library detection in Android and its security applications,http://dl.acm.org/citation.cfm?id=2978333,https://trust.cispa.saarland/~bugiel/publications/pdfs/bugiel16-ccs.pdf,2016,dl.acm.org
FLEXDROID: Enforcing In-App Privilege Separation in Android.,http://daehyeok.com/papers/Flexdroid-NDSS16.pdf,http://daehyeok.com/papers/Flexdroid-NDSS16.pdf,2016,daehyeok.com
Ghost Installer in the Shadow: Security Analysis of App Installation on Android,http://ieeexplore.ieee.org/abstract/document/8023140/,http://soterisdemetriou.com/blog/wp-content/uploads/2016/08/17_DSN_Lee.pdf,2017,ieeexplore.ieee.org
An investigation into the use of common libraries in android apps,http://ieeexplore.ieee.org/abstract/document/7476661/,https://arxiv.org/pdf/1511.06554,2016,ieeexplore.ieee.org
The Long-Standing Privacy Debate: Mobile Websites Vs Mobile Apps,http://dl.acm.org/citation.cfm?id=3052691,http://sharcs-project.eu/m/filer_public/91/b3/91b327e6-1472-45e3-b0bc-ca20bdb0fe75/mobile_websites_vs_mobile_apps_-_www2017.pdf,2017,dl.acm.org
Following devil's footprints: Cross-platform analysis of potentially harmful libraries on android and ios,http://ieeexplore.ieee.org/abstract/document/7546512/,http://159.226.94.50:9001/paper/conference/Following-Devil's-Footprints-Cross-Platfor-Analysis-of-Potentially-Harmful-Libraries-on-ndroid-and-iOS.pdf,2016,ieeexplore.ieee.org
Droiddetector: android malware characterization and detection using deep learning,http://ieeexplore.ieee.org/abstract/document/7399288/,http://ieeexplore.ieee.org/iel7/5971803/7399276/07399288.pdf,2016,ieeexplore.ieee.org
Static analysis of android apps: A systematic literature review,http://orbilu.uni.lu/handle/10993/26879,http://orbilu.uni.lu/bitstream/10993/26879/1/tr_slr_article.pdf,SRasthofer…,2016
R-droid: Leveraging android app analysis with static slice optimization,http://dl.acm.org/citation.cfm?id=2897927,https://trust.cispa.saarland/~bugiel/publications/pdfs/derr-asiaccs16.pdf,2016,dl.acm.org
SoK: Privacy on Mobile Devices–It's Complicated,https://www.degruyter.com/view/j/popets.2016.2016.issue-3/popets-2016-0018/popets-2016-0018.xml,https://www.degruyter.com/view/j/popets.2016.2016.issue-3/popets-2016-0018/popets-2016-0018.xml,2016,degruyter.com
The ART of App Compartmentalization: Compiler-based Library Privilege Separation on Stock Android,https://trust.cispa.saarland/~bugiel/publications/pdfs/bugiel17-ccs2.pdf,https://trust.cispa.saarland/~bugiel/publications/pdfs/bugiel17-ccs2.pdf,MBackes,2017
The reliance on recognition and majority vote heuristics over privacy concerns when selecting smartphone apps among German and US consumers,http://www.tandfonline.com/doi/abs/10.1080/1369118X.2016.1202299,http://www.tandfonline.com/doi/full/10.1080/1369118X.2016.1202299,2017,Taylor&Francis
ARTist: The Android runtime instrumentation and security toolkit,https://arxiv.org/abs/1607.06619,https://arxiv.org/pdf/1607.06619,2016,arxiv.org
Libradar: Fast and accurate detection of third-party libraries in android apps,http://dl.acm.org/citation.cfm?id=2889178,http://sei.pku.edu.cn/~yaoguo/papers/Ma-ICSE-16.pdf,2016,dl.acm.org
Energy consumption and privacy in mobile Web browsing: Individual issues and connected solutions,http://www.sciencedirect.com/science/article/pii/S2210537916000081,http://www.sciencedirect.com/science/article/pii/S2210537916000081,2016,Elsevier
Keep me Updated: An Empirical Study of Third-Party Library Updatability on Android,https://trust.cispa.saarland/~bugiel/publications/pdfs/bugiel17-ccs.pdf,https://trust.cispa.saarland/~bugiel/publications/pdfs/bugiel17-ccs.pdf,MBackes,2017
What You See Isn't Always What You Get: A Measurement Study of Usage Fraud on Android Apps,http://dl.acm.org/citation.cfm?id=2994472,http://dl.acm.org/citation.cfm?id=2994472,2016,dl.acm.org
The soot-based toolchain for analyzing Android apps,http://dl.acm.org/citation.cfm?id=3104089,http://bodden.de/pubs/arb17soot.pdf,2017,dl.acm.org
Libd: Scalable and precise third-party library detection in Android markets,http://dl.acm.org/citation.cfm?id=3097409,https://faculty.ist.psu.edu/wu/papers/LibD.pdf,2017,dl.acm.org
Targeting Potential Active Users for Mobile App Install Advertising: An Exploratory Study,http://www.tandfonline.com/doi/abs/10.1080/10447318.2016.1198547,http://www.tandfonline.com/doi/abs/10.1080/10447318.2016.1198547,2016,Taylor&Francis
Quantum Game Analysis of Privacy-Leakage for Application Ecosystems,http://dl.acm.org/citation.cfm?id=3084059,http://dl.acm.org/citation.cfm?id=3084059,2017,dl.acm.org
Seamless In-App Ad Blocking on Stock Android,https://trust.cispa.saarland/~bugiel/publications/pdfs/bugiel17-most.pdf,https://trust.cispa.saarland/~bugiel/publications/pdfs/bugiel17-most.pdf,MWißfeld,2017
Gamification in Stress Management Apps: A Critical App Review,https://games.jmir.org/2017/2/e13/,https://games.jmir.org/2017/2/e13/,2017,games.jmir.org
Analyzing ad library updates in android apps,http://ieeexplore.ieee.org/abstract/document/7420512/,https://www.researchgate.net/profile/Ahmed_E_Hassan/publication/296480085_Analyzing_Ad_Library_Updates_in_Android_Apps/links/578fdde008ae4e917cff3955.pdf,2016,ieeexplore.ieee.org
CRiOS: Toward Large-Scale iOS Application Analysis,http://dl.acm.org/citation.cfm?id=2994473,http://megele.io/crios.pdf,2016,dl.acm.org
Static analysis of android apps: A systematic literature review,http://www.sciencedirect.com/science/article/pii/S0950584917302987,https://orbilu.uni.lu/bitstream/10993/31636/1/li2017static.pdf,2017,Elsevier
Where Is the Weakest Link? A Study on Security Discrepancies Between Android Apps and Their Website Counterparts,http://link.springer.com/chapter/10.1007/978-3-319-54328-4_8,http://www.cs.ucr.edu/~gupta/research/Publications/Comp/PAM17.pdf,2017,Springer
A formal approach for detection of security flaws in the android permission system,https://link.springer.com/article/10.1007/s00165-017-0445-z,https://link.springer.com/article/10.1007/s00165-017-0445-z,2016,Springer
Mining android apps to recommend permissions,http://ieeexplore.ieee.org/abstract/document/7476663/,http://ieeexplore.ieee.org/abstract/document/7476663/,2016,ieeexplore.ieee.org
Characterization of early smartwatch apps,http://ieeexplore.ieee.org/abstract/document/7457170/,http://www.privmetrics.org/wp-content/uploads/2016/10/WristSense2016_Smartwatch_Apps.pdf,2016,ieeexplore.ieee.org
Concerns make your decision better: Privacy perception, increased awareness, and the decision of mobile app installation.,http://aisel.aisnet.org/cgi/viewcontent.cgi?article=1293&context=pacis2017,http://aisel.aisnet.org/cgi/viewcontent.cgi?article=1293&context=pacis2017,JSim,2017
Leaky birds: exploiting mobile application traffic for surveillance,http://link.springer.com/chapter/10.1007/978-3-662-54970-4_22,http://securewww.esat.kuleuven.be/cosic/publications/article-2601.pdf,2016,Springer
DyDroid: Measuring Dynamic Code Loading and Its Security Implications in Android Applications,http://ieeexplore.ieee.org/abstract/document/8023141/,http://www.cs.northwestern.edu/~ychen/Papers/DyDroid_DSN.pdf,2017,ieeexplore.ieee.org
DroidPosture: A Trusted Posture Assessment Service for Mobile Devices,https://www.researchgate.net/profile/Sileshi_Demesie/publication/319065484_DroidPosture_A_Trusted_Posture_Assessment_Service_for_Mobile_Devices/links/599c4e23a6fdcc50034c7a3d/DroidPosture-A-Trusted-Posture-Assessment-Service-for-Mobile-Devices.pdf,https://www.researchgate.net/profile/Sileshi_Demesie/publication/319065484_DroidPosture_A_Trusted_Posture_Assessment_Service_for_Mobile_Devices/links/599c4e23a6fdcc50034c7a3d/DroidPosture-A-Trusted-Posture-Assessment-Service-for-Mobile-Devices.pdf,2017,researchgate.net
Establishing mandatory access control on Android OS,https://scidok.sulb.uni-saarland.de/handle/20.500.11880/26698,https://scidok.sulb.uni-saarland.de/bitstream/20.500.11880/26698/1/thesis_bugiel.pdf,SBugiel,2016
Droidanalyst: Synergic app framework for static and dynamic app analysis,http://link.springer.com/chapter/10.1007/978-3-319-26450-9_20,https://www.researchgate.net/profile/Parvez_Faruki/publication/281456581_DroidAnalyst_Synergic_App_Framework_for_Static_and_Dynamic_App_Analysis/links/55e9145508ae3e1218439985.pdf,2016,Springer
Specialized Binary Analysis for Vetting Android APPS Using GUI Logic,http://www.dtic.mil/docs/citations/AD1008347,http://www.dtic.mil/dtic/tr/fulltext/u2/1008347.pdf,AMemon,2016
Alde: Privacy risk analysis of analytics libraries in the android ecosystem,http://link.springer.com/chapter/10.1007/978-3-319-59608-2_36,http://www.cse.psu.edu/~sxz16/papers/alde.pdf,2016,Springer
Automated analysis of privacy requirements for mobile apps,http://www.aaai.org/ocs/index.php/FSS/FSS16/paper/download/14113/13704,http://www.aaai.org/ocs/index.php/FSS/FSS16/paper/download/14113/13704,2017,aaai.org
A Study on the Vulnerabilities of Mobiles Apps associated with Software Modules,https://arxiv.org/abs/1702.03112,https://arxiv.org/pdf/1702.03112,2017,arxiv.org
A Longitudinal Study of Google Play,http://ieeexplore.ieee.org/abstract/document/8008804/,https://pdfs.semanticscholar.org/f3af/541da2888ddd22b8e9fa3d1f3832f7d396d1.pdf,2017,ieeexplore.ieee.org
Automatically identifying apps in mobile traffic,http://onlinelibrary.wiley.com/doi/10.1002/cpe.3703/full,https://www.aimlab.org/haochen/papers/cpe16-apps.pdf,2016,WileyOnlineLibrary
Secure Integration of Web Content and Applications on Commodity Mobile Operating Systems,http://dl.acm.org/citation.cfm?id=3052998,https://www.longlu.org/downloads/WIRE.pdf,2017,dl.acm.org
Understanding the origins of mobile app vulnerabilities: a large-scale measurement study of free and paid apps,http://dl.acm.org/citation.cfm?id=3104193,http://dl.acm.org/citation.cfm?id=3104193,2017,dl.acm.org
An Android App Recommendation Approach by Merging Network Traffic Cost,https://link.springer.com/chapter/10.1007/978-3-319-68505-2_28,https://link.springer.com/chapter/10.1007/978-3-319-68505-2_28,2017,Springer
FACT: Functionality-centric Access Control System for IoT Programming Frameworks,http://dl.acm.org/citation.cfm?id=3078864,http://corelab.postech.ac.kr/Pubs/sacmat17_fact.pdf,2017,dl.acm.org
UI driven Android application reduction,http://dl.acm.org/citation.cfm?id=3155602,https://www.cs.purdue.edu/homes/huang427/docs/ase17_TOFU.pdf,2017,dl.acm.org
The rise of “malware”: Bibliometric analysis of malware study,http://www.sciencedirect.com/science/article/pii/S1084804516301904,http://www.sciencedirect.com/science/article/pii/S1084804516301904,2016,Elsevier
AndroZoo++: Collecting Millions of Android Apps and Their Metadata for the Research Community,https://arxiv.org/abs/1709.05281,https://arxiv.org/pdf/1709.05281,2017,arxiv.org
Stay in Your Cage! A Sound Sandbox for Third-Party Libraries on Android,http://link.springer.com/chapter/10.1007/978-3-319-45744-4_23,http://link.springer.com/chapter/10.1007/978-3-319-45744-4_23,2016,Springer
Privacy as a proxy for Green Web browsing: Methodology and experimentation,https://www.sciencedirect.com/science/article/pii/S1389128617302761,https://www.sciencedirect.com/science/article/pii/S1389128617302761,2017,Elsevier
Identifying Open-Source License Violation and 1-day Security Risk at Large Scale,https://taesoo.gtisc.gatech.edu/pubs/2017/duan:osspolice.pdf,https://taesoo.gtisc.gatech.edu/pubs/2017/duan:osspolice.pdf,WLee,2017
JGRE: An Analysis of JNI Global Reference Exhaustion Vulnerabilities in Android,http://ieeexplore.ieee.org/abstract/document/8023142/,http://tca.iscas.ac.cn/userfiles/file/JGRE%20-%20An%20Analysis%20of%20JNI%20Global%20Reference%20Exhaustion%20Vulnerabilities%20in%20Android%20(DSN%202017).pdf,2017,ieeexplore.ieee.org
Examining American and Chinese Internet Users' Contextual Privacy Preferences of Behavioral Advertising,http://dl.acm.org/citation.cfm?id=2819941,https://pdfs.semanticscholar.org/4d17/e330fba71b8e8381b4c448461ca33cb1b36b.pdf,2016,dl.acm.org
Light-SPD: a platform to prototype secure mobile applications,http://dl.acm.org/citation.cfm?id=2940349,http://www.gsd.inesc-id.pt/~mpc/pubs/Light-SPD-paper.pdf,2016,dl.acm.org
Android Security Analysis,http://www.dtic.mil/docs/citations/AD1014839,http://www.dtic.mil/get-tr-doc/pdf?AD=AD1014839,APyles,2016
T2Droid: A TrustZone-based dynamic analyser for Android applications,http://ieeexplore.ieee.org/abstract/document/8029446/,http://www.gsd.inesc-id.pt/~mpc/pubs/t2droid.pdf,2017,ieeexplore.ieee.org
Empirical Study on REST APIs Usage in Android Mobile Applications,https://link.springer.com/chapter/10.1007/978-3-319-69035-3_45,https://link.springer.com/chapter/10.1007/978-3-319-69035-3_45,2017,Springer
Examining the relationship between security metrics and user ratings of mobile apps: a case study,http://dl.acm.org/citation.cfm?id=2993260,http://dl.acm.org/citation.cfm?id=2993260,2016,dl.acm.org
Mobile Application Testing based on Privacy information Encoding Mechanism,http://ijesc.org/upload/b404657522f2163fb51ad150050cf113.Mobile%20Application%20Testing%20based%20on%20Privacy%20information%20Encoding%20Mechanism.pdf,http://ijesc.org/upload/b404657522f2163fb51ad150050cf113.Mobile%20Application%20Testing%20based%20on%20Privacy%20information%20Encoding%20Mechanism.pdf,2016,ijesc.org
Uncovering and mitigating unsafe program integrations in Android,http://search.proquest.com/openview/6c8e2988bc1c181623bf031ed1e6075b/1?pq-origsite=gscholar&cbl=18750&diss=y,http://surface.syr.edu/cgi/viewcontent.cgi?article=1465&context=etd,XZhang,2016
Dexteroid: Detecting malicious behaviors in Android apps using reverse-engineered life cycle models,http://www.sciencedirect.com/science/article/pii/S0167404816300037,https://arxiv.org/pdf/1506.05217,2016,Elsevier
Health Monitors Under The Magnifying Glass: A Privacy And Security Study,https://www.researchgate.net/profile/Martin_Kraemer5/publication/309155184_Health_Monitors_Under_The_Magnifying_Glass_A_Privacy_And_Security_Study/links/5801452008ae23fd1b620310.pdf,https://www.researchgate.net/profile/Martin_Kraemer5/publication/309155184_Health_Monitors_Under_The_Magnifying_Glass_A_Privacy_And_Security_Study/links/5801452008ae23fd1b620310.pdf,MKrämer,2016
Ordol: Obfuscation-Resilient Detection of Libraries in Android Applications,http://ieeexplore.ieee.org/abstract/document/8029495/,http://ieeexplore.ieee.org/abstract/document/8029495/,2017,ieeexplore.ieee.org
A comprehensive investigation of user privacy leakage to Android applications,http://ieeexplore.ieee.org/abstract/document/7568475/,http://fi.ict.ac.cn/uploads/PublicationsAmpTalks/A%20Comprehensive%20Investigation%20of%20User%20Privacy%20Leakage%20to%20Android%20Applications_2016.pdf,2016,ieeexplore.ieee.org
ASCAA: API-level security certification of android applications,http://digital-library.theiet.org/content/journals/10.1049/iet-sen.2015.0040,http://digital-library.theiet.org/content/journals/10.1049/iet-sen.2015.0040,2017,IET
A study of grayware on google play,http://ieeexplore.ieee.org/abstract/document/7527773/,https://pdfs.semanticscholar.org/328c/e47e85339ff47d4977bd6545d761f2ff8b2f.pdf,2016,ieeexplore.ieee.org
CamForensics: Understanding Visual Privacy Leaks in the Wild,https://pdfs.semanticscholar.org/bcca/d316045861ef4ceb288f7dd9dff5cc2e5cc1.pdf,https://pdfs.semanticscholar.org/bcca/d316045861ef4ceb288f7dd9dff5cc2e5cc1.pdf,KHKim,2017
How Cyber-Savvy are Older Mobile Device Users?,https://www.sciencedirect.com/science/article/pii/B9780128046296000043,https://www.sciencedirect.com/science/article/pii/B9780128046296000043,2016,Elsevier
Techniques For Analysis And Detection Of Android Malware...,http://idr.mnit.ac.in/xmlui/bitstream/handle/123456789/159/2012RCP9518%20-%20Parvez%20Faruki.pdf?sequence=1&isAllowed=y,http://idr.mnit.ac.in/xmlui/bitstream/handle/123456789/159/2012RCP9518%20-%20Parvez%20Faruki.pdf?sequence=1&isAllowed=y,PFaruki,2016
FrauDroid: An Accurate and Scalable Approach to Automated Mobile Ad Fraud Detection,https://arxiv.org/abs/1709.01213,https://arxiv.org/pdf/1709.01213,2017,arxiv.org
Dynamic Loading Vulnerability Detection for Android Applications Through Ensemble Learning,http://digital-library.theiet.org/content/journals/10.1049/cje.2017.07.001,http://manu57.magtech.com.cn/Jwk_cje/EN/article/downloadArticleFile.do?attachType=PDF&id=10373,2017,IET
Exploiting Android System Services Through Bypassing Service Helpers,http://link.springer.com/chapter/10.1007/978-3-319-59608-2_3,http://tca.iscas.ac.cn/userfiles/file/5_1-%E8%B0%B7%E9%9B%85%E8%81%AA-Exploiting%20Android%20System%20Services%20through.pdf,2016,Springer
Forensic Taxonomies of Android Apps (ForTAApps),http://search.ror.unisa.edu.au/record/UNISA_ALMA11142209210001831/media/digital/open/9916117111401831/12142209200001831/13142209190001831/pdf,http://search.ror.unisa.edu.au/record/UNISA_ALMA11142209210001831/media/digital/open/9916117111401831/12142209200001831/13142209190001831/pdf,AAzfar,2016
Detecting similar components between android applications with obfuscation,http://ieeexplore.ieee.org/abstract/document/8070145/,http://ieeexplore.ieee.org/abstract/document/8070145/,2016,ieeexplore.ieee.org
Who Moved My Cheese: Towards Automatic and Fine-Grained Classification and Modeling Ad Network,http://ieeexplore.ieee.org/abstract/document/7842384/,http://ieeexplore.ieee.org/abstract/document/7842384/,2016,ieeexplore.ieee.org
Malicious Apps May Explore a Smartphone's Vulnerability to Detect One's Activities,http://ieeexplore.ieee.org/abstract/document/7920988/,http://ieeexplore.ieee.org/abstract/document/7920988/,2017,ieeexplore.ieee.org
Spying on Android Users Through Targeted Ads,http://ieeexplore.ieee.org/iel7/7938017/7945334/07945362.pdf,http://ieeexplore.ieee.org/iel7/7938017/7945334/07945362.pdf,STarkoma,2017
App Store Analysis for Software Engineering,http://discovery.ucl.ac.uk/1537482/,http://discovery.ucl.ac.uk/1537482/1/App_Store_Analysis_Thesis_William_Martin.pdf,WJMartin,2017
Smartphone applications, malware and data theft,http://link.springer.com/chapter/10.1007/978-981-10-0251-9_2,https://veelasha.org/pubs/c2015.pdf,2016,Springer
LibSift: Automated Detection of Third-Party Libraries in Android Applications,http://ieeexplore.ieee.org/abstract/document/7890569/,http://ieeexplore.ieee.org/abstract/document/7890569/,2016,ieeexplore.ieee.org
Towards a Framework to Facilitate the Mobile Advertising Ecosystem,http://ieeexplore.ieee.org/abstract/document/7823783/,http://ieeexplore.ieee.org/abstract/document/7823783/,2016,ieeexplore.ieee.org
Institute for Software Research,http://isr.uci.edu/sites/isr.uci.edu/files/techreports/UCI-ISR-16-1.pdf,http://isr.uci.edu/sites/isr.uci.edu/files/techreports/UCI-ISR-16-1.pdf,SMalek,2016
Bio-inspired computational paradigm for feature investigation and malware detection: interactive analytics,http://link.springer.com/article/10.1007/s11042-017-4586-0,http://link.springer.com/article/10.1007/s11042-017-4586-0,2017,Springer
Enhancing Mobile Security and Privacy through App Splitting,http://search.proquest.com/openview/6877183ca0d87ee20c3562497e3cd7a4/1?pq-origsite=gscholar&cbl=18750&diss=y,http://search.proquest.com/openview/6877183ca0d87ee20c3562497e3cd7a4/1?pq-origsite=gscholar&cbl=18750&diss=y,AJDavidson,2016
Dissecting developer policy violating apps: characterization and detection,http://ieeexplore.ieee.org/abstract/document/7888725/,http://ink.library.smu.edu.sg/cgi/viewcontent.cgi?article=4382&context=sis_research,2016,ieeexplore.ieee.org
Exploring new attack vectors for the exploitation of smartphones,http://www.cl.cam.ac.uk/techreports/UCAM-CL-TR-909.html,http://www.cl.cam.ac.uk/techreports/UCAM-CL-TR-909.pdf,LSimon,2017
De-cloaking Malicious Activities in Smartphones Using HTTP Flow Mining.,http://search.ebscohost.com/login.aspx?direct=true&profile=ehost&scope=site&authtype=crawler&jrnl=19767277&AN=124107306&h=Nj91FAh3bVEzlpF9DfHRa2E50BIhZyQxs23O27AlBHAuxGC%2ByJERYEI1P%2FTB50uEmX5ViX7DzY94lAFHfZBbWg%3D%3D&crl=c,http://search.ebscohost.com/login.aspx?direct=true&profile=ehost&scope=site&authtype=crawler&jrnl=19767277&AN=124107306&h=Nj91FAh3bVEzlpF9DfHRa2E50BIhZyQxs23O27AlBHAuxGC%2ByJERYEI1P%2FTB50uEmX5ViX7DzY94lAFHfZBbWg%3D%3D&crl=c,2017,search.ebscohost.com
Dynamic Analyses for Privacy and Performance in Mobile Applications,http://digitool.library.mcgill.ca/webclient/DeliveryManager?application=DIGITOOL-3&owner=resourcediscovery&custom_att_2=simple_viewer&forebear_coll=&user=GUEST&pds_handle=&pid=145496&con_lng=ENG&search_terms=&divType=&adjacency=N&rd_session=http://digitool.Library.McGill.CA:80/R/G5VSQBUSGJMSDFKVSE3RRS1U21USTMUSTNHSNDELR1R7LRBQ93-00501,http://digitool.library.mcgill.ca/webclient/DeliveryManager?application=DIGITOOL-3&owner=resourcediscovery&custom_att_2=simple_viewer&forebear_coll=&user=GUEST&pds_handle=&pid=145496&con_lng=ENG&search_terms=&divType=&adjacency=N&rd_session=http://digitool.Library.McGill.CA:80/R/G5VSQBUSGJMSDFKVSE3RRS1U21USTMUSTNHSNDELR1R7LRBQ93-00501,MXia,2016
Frame, rods and beads of the edge computing abacus,https://smartech.gatech.edu/handle/1853/56332,https://smartech.gatech.edu/bitstream/handle/1853/56332/BHARDWAJ-DISSERTATION-2016.pdf?sequence=1&isAllowed=y,KBhardwaj,2016
Boosting Static Security Analysis of Android Apps through Code Instrumentation,http://orbilu.uni.lu/handle/10993/29387,http://orbilu.uni.lu/bitstream/10993/29387/1/thesis.pdf,LLi,2016
Mining androzoo: A retrospect,http://ieeexplore.ieee.org/abstract/document/8094480/,http://orbilu.uni.lu/bitstream/10993/31868/1/MiningAndroZoo-3.pdf,2017,ieeexplore.ieee.org
Splitting Third-Party Libraries' Privileges from Android Apps,http://link.springer.com/chapter/10.1007/978-3-319-59870-3_5,http://link.springer.com/chapter/10.1007/978-3-319-59870-3_5,2017,Springer
Using Machine Learning to Improve Internet Privacy,http://www.sebastianzimmeck.de/zimmeckDissertation.pdf,http://www.sebastianzimmeck.de/zimmeckDissertation.pdf,SZimmeck,2017
User Data Sharing in Online Services,http://search.proquest.com/openview/735a229fadefdba5e85e9930a04d9c93/1?pq-origsite=gscholar&cbl=18750&diss=y,https://iris.lib.neu.edu/files/neu:cj82p1121/fulltext.pdf,YLiu,2016
Location Privacy Protection in the Mobile Era and Beyond,https://deepblue.lib.umich.edu/handle/2027.42/138563,https://deepblue.lib.umich.edu/bitstream/handle/2027.42/138563/kmfawaz_1.pdf?sequence=1&isAllowed=y,KFawaz,2017
大规模移动应用第三方库自动检测和分类方法,http://www.jos.org.cn/ch/reader/download_pdf.aspx?file_no=5221&year_id=2017&quarter_id=6&falg=1,http://www.jos.org.cn/ch/reader/download_pdf.aspx?file_no=5221&year_id=2017&quarter_id=6&falg=1,2017,jos.org.cn
A study of security issues of mobile apps in the android platform using machine learning approaches,http://search.proquest.com/openview/5c8f66b25771d36c8c079b071572e2ac/1?pq-origsite=gscholar&cbl=18750&diss=y,http://search.proquest.com/openview/5c8f66b25771d36c8c079b071572e2ac/1?pq-origsite=gscholar&cbl=18750&diss=y,LCen,2016
Improving Mobile-Malware Investigations with Static and Dynamic Code Analysis Techniques,http://tuprints.ulb.tu-darmstadt.de/id/eprint/5911,http://tuprints.ulb.tu-darmstadt.de/id/eprint/5911,SRasthofer,2017
Privilege Leakage in Practical Systems.,https://repository.lib.ncsu.edu/bitstream/handle/1840.20/34508/etd.pdf?sequence=1,https://repository.lib.ncsu.edu/bitstream/handle/1840.20/34508/etd.pdf?sequence=1,MCGrace,2017
Detecting and characterising of mobile advertisement network traffic using graph modelling,http://www.inderscienceonline.com/doi/abs/10.1504/IJSSC.2016.077971,http://www.inderscienceonline.com/doi/abs/10.1504/IJSSC.2016.077971,2016,inderscienceonline.com
Towards Modular and Flexible Access Control on Smart Mobile Devices,http://tuprints.ulb.tu-darmstadt.de/5663/,http://tuprints.ulb.tu-darmstadt.de/5663/,SHeuser,2016
Techniques for identifying mobile platform vulnerabilities and detecting policy-violating applications,http://ink.library.smu.edu.sg/etd_coll_all/3/,http://ink.library.smu.edu.sg/cgi/viewcontent.cgi?article=1004&context=etd_coll_all,MKSU,2016
Android 恶意广告威胁分析与检测技术,http://jst.tsinghuajournals.com/CN/rhhtml/20160503.htm,http://jst.tsinghuajournals.com/CN/rhhtml/20160503.htm,韩心慧，丁怡婧，王东祺，黎桐辛，叶志远,2016
AndroPatchApp: Taming Rogue Ads in Android,http://link.springer.com/chapter/10.1007/978-3-319-50463-6_15,http://www.operando.eu/upload/operando/moduli/androPatchApp_77_322.pdf,2016,Springer
DPC: A Dynamic Permission Control Mechanism for Android Third-party Libraries,http://ir.lib.ncu.edu.tw:88/thesis/view_etd.asp?URN=104522041&fileName=GC104522041.pdf,http://ir.lib.ncu.edu.tw:88/thesis/view_etd.asp?URN=104522041&fileName=GC104522041.pdf,CYChen,2017
There's Wally! Location Tracking in Android without Permissions.,https://www.researchgate.net/profile/Constantinos_Patsakis/publication/314504923_There%27s_Wally_Location_Tracking_in_Android_without_Permissions/links/59d3e2760f7e9b4fd7ffc384/Theres-Wally-Location-Tracking-in-Android-without-Permissions.pdf,https://www.researchgate.net/profile/Constantinos_Patsakis/publication/314504923_There%27s_Wally_Location_Tracking_in_Android_without_Permissions/links/59d3e2760f7e9b4fd7ffc384/Theres-Wally-Location-Tracking-in-Android-without-Permissions.pdf,2017,researchgate.net
Derived Partial Identities Generated from App Permissions,https://dl.gi.de/handle/20.500.12116/3585,https://dl.gi.de/bitstream/handle/20.500.12116/3585/proceedings-09.pdf?sequence=1&isAllowed=y,2017,dl.gi.de
基于 HTTP 流量的安卓应用敏感信息泄露检测,http://www.arocmag.com/getarticle/?aid=2c0dda33f86da90a,http://www.arocmag.com/getarticle/?aid=2c0dda33f86da90a,2017,arocmag.com
Android malware detection using category-based machine learning classifiers,http://search.proquest.com/openview/f02b592343696f5f664404a48157f90a/1?pq-origsite=gscholar&cbl=18750&diss=y,http://scholarworks.rit.edu/cgi/viewcontent.cgi?article=10229&context=theses,HAAlatwi,2016
Who added that permission to my app?: an analysis of developer permission changes in open source Android apps,http://dl.acm.org/citation.cfm?id=3104111,http://dl.acm.org/citation.cfm?id=3104111,2017,dl.acm.org
Android malicious AD threat analysis and detection techniques,http://jst.tsinghuajournals.com/EN/10.16511/j.cnki.qhdxxb.2016.25.003,http://jst.tsinghuajournals.com/EN/article/downloadArticleFile.do?attachType=PDF&id=148980,2016,jst.tsinghuajournals.com
SurgeScan: Enforcing Security Policies on Untrusted Third-Party Android Libraries,http://search.proquest.com/openview/7f799a9165d4d409c0eccfd451a56c11/1?pq-origsite=gscholar&cbl=18750&diss=y,https://pdfs.semanticscholar.org/1766/c3169985ddf32616e1a8c39668e3b76b4ba7.pdf,JVronsky,2016
Android 恶意应用 HTTP 行为特征生成与提取方法,http://www.infocomm-journal.com/dxkx/CN/abstract/abstract160015.shtml,http://www.infocomm-journal.com/dxkx/CN/article/downloadArticleFile.do?attachType=PDF&id=160015,2017,infocomm
DroidSafe,http://www.dtic.mil/docs/citations/AD1023840,http://www.dtic.mil/get-tr-doc/pdf?AD=AD1023840,MGordon,2016
Android-ohjelman suunnittelu ja määrittely käyttäen konstruktiivista suunnittelua,http://jultika.oulu.fi/files/nbnfioulu-201705181965.pdf,http://jultika.oulu.fi/files/nbnfioulu-201705181965.pdf,TTörrö,2017
스마트폰 어플리케이션 설치목록을 이용한 사용자 프로파일링,http://s-space.snu.ac.kr/handle/10371/123611,http://s-space.snu.ac.kr/bitstream/10371/123611/1/000000140673.pdf,기홍도,2017
使用者風險認知對遊戲類 In-App 廣告點擊意願影響之研究,http://www.airitilibrary.com/Publication/alDetailedMesh?docid=19967985-201606-201607300002-201607300002-1-20,http://www.airitilibrary.com/Publication/alDetailedMesh?docid=19967985-201606-201607300002-201607300002-1-20,2016,airitilibrary.com
AndroPatchApp: αντιμετώπιση των κακόβουλων διαφημίσεων,http://dione.lib.unipi.gr/xmlui/handle/unipi/9603,http://dione.lib.unipi.gr/xmlui/bitstream/handle/unipi/9603/Tsiakos_Vasileios.pdf?sequence=1&isAllowed=y,ΒΣΤσιάκος,2016
以逆反心理探討行動裝置 APP 內嵌式廣告對使用者廣告迴避之研究,http://www.airitilibrary.com/Publication/alDetailedMesh?docid=U0026-3108201614380300,http://www.airitilibrary.com/Publication/alDetailedMesh?docid=U0026-3108201614380300,2016,airitilibrary.com
Η αποτελεσματικότητα της διαδικτυακής & mobile διαφήμισης,http://dione.lib.unipi.gr/xmlui/handle/unipi/9910,http://dione.lib.unipi.gr/xmlui/bitstream/handle/unipi/9910/Lefaki_Maria.pdf?sequence=1&isAllowed=y,ΠΜΛεφάκη,2016
