Introduction,https://link.springer.com/chapter/10.1007/978-981-10-3398-8_1,http://pubs.rsc.org/en/content/chapterhtml/2016/bk9781782621089-00001?isbn=978-1-78262-108-9,2017,Springer
App behavioral analysis using system calls,http://ebiquity.umbc.edu/_file_directory_/papers/843.pdf,http://ebiquity.umbc.edu/_file_directory_/papers/843.pdf,2017,ebiquity.umbc.edu
A survey of app store analysis for software engineering,http://ieeexplore.ieee.org/abstract/document/7765038/,http://ieeexplore.ieee.org/iel7/32/4359463/07765038.pdf,2016,ieeexplore.ieee.org
On Demystifying the Android Application Framework: Re-Visiting Android Permission Specification Analysis.,https://www.usenix.org/system/files/conference/usenixsecurity16/sec16_paper_backes-android.pdf,https://www.usenix.org/system/files/conference/usenixsecurity16/sec16_paper_backes-android.pdf,2016,usenix.org
Checking app user interfaces against app descriptions,http://dl.acm.org/citation.cfm?id=2993265,http://software.imdea.org/~alessandra.gorla/papers/Kuznetsov-UIDescriptions-WAMA16.pdf,2016,dl.acm.org
Investigating the relationship between price, rating, and popularity in the Blackberry World App Store,http://www.sciencedirect.com/science/article/pii/S095058491730215X,http://www.sciencedirect.com/science/article/pii/S095058491730215X,2017,Elsevier
The evolution of android malware and android analysis techniques,http://dl.acm.org/citation.cfm?id=3017427,https://pure.royalholloway.ac.uk/portal/files/28069262/computingsurvey.pdf,2017,dl.acm.org
A taxonomy and qualitative comparison of program analysis techniques for security assessment of Android software,http://ieeexplore.ieee.org/abstract/document/7583740/,http://ieeexplore.ieee.org/abstract/document/7583740/,2016,ieeexplore.ieee.org
Detecting behavior anomalies in graphical user interfaces,http://dl.acm.org/citation.cfm?id=3098412,https://www.st.cs.uni-saarland.de/appmining/backstage/backstage_tech_report.pdf,2017,dl.acm.org
Toward engineering a secure android ecosystem: A survey of existing techniques,http://dl.acm.org/citation.cfm?id=2963145,http://www.cc.gatech.edu/~yjang37/assets/papers/2016/xu:android-survey.pdf,2016,dl.acm.org
Sok: Lessons learned from android security research for appified software platforms,http://ieeexplore.ieee.org/abstract/document/7546516/,https://trust.cispa.saarland/~bugiel/publications/pdfs/androidsok-sp16.pdf,2016,ieeexplore.ieee.org
Exploring decision making with Android's runtime permission dialogs using in-context surveys,https://www.usenix.org/system/files/conference/soups2017/soups2017-bonne.pdf,https://www.usenix.org/system/files/conference/soups2017/soups2017-bonne.pdf,NTaft,2017
Droiddetector: android malware characterization and detection using deep learning,http://ieeexplore.ieee.org/abstract/document/7399288/,http://ieeexplore.ieee.org/iel7/5971803/7399276/07399288.pdf,2016,ieeexplore.ieee.org
Automatic Generation of Security-Centric Descriptions for Android Apps,http://link.springer.com/chapter/10.1007/978-3-319-47812-8_6,http://link.springer.com/chapter/10.1007/978-3-319-47812-8_6,2016,Springer
DroidLink: Automated Generation of Deep Links for Android Apps,https://arxiv.org/abs/1605.06928,https://arxiv.org/pdf/1605.06928,2016,arxiv.org
AndroDialysis: analysis of android intent effectiveness in malware detection,http://www.sciencedirect.com/science/article/pii/S0167404816301602,http://www0.cs.ucl.ac.uk/staff/G.SuarezdeTangil/papers/2017cosec-androdialysis.pdf,2017,Elsevier
Identifying User-Input Privacy in Mobile Applications at a Large Scale,http://ieeexplore.ieee.org/abstract/document/7752986/,http://ieeexplore.ieee.org/abstract/document/7752986/,2017,ieeexplore.ieee.org
Detecting Android Malware Leveraging Text Semantics of Network Flows,http://ieeexplore.ieee.org/abstract/document/8101555/,http://ieeexplore.ieee.org/abstract/document/8101555/,2017,ieeexplore.ieee.org
Understanding the purpose of permission use in mobile apps,http://dl.acm.org/citation.cfm?id=3086677,http://www.cmuchimps.org/uploads/publication/paper/183/understanding_the_purpose_of_permission_use_in_mobile_apps.pdf,2017,dl.acm.org
Clustering mobile apps based on mined textual features,http://dl.acm.org/citation.cfm?id=2962600,http://www0.cs.ucl.ac.uk/staff/fsarro/resource/papers/ESEM16-AppClustering.pdf,2016,dl.acm.org
An empirical study of emergency updates for top android mobile apps,http://link.springer.com/article/10.1007/s10664-016-9435-7,http://sail.cs.queensu.ca/Downloads/EMSE2016_AnEmpiricalStudyofEmergencyUpdatesforTopAndroidMobileApps.pdf,2017,Springer
Audacious: User-driven access control with unmodified operating systems,http://dl.acm.org/citation.cfm?id=2978344,http://www.franziroesner.com/pdf/audacious-ccs2016.pdf,2016,dl.acm.org
Acing the IOC game: Toward automatic discovery and analysis of open-source cyber threat intelligence,http://dl.acm.org/citation.cfm?id=2978315,http://www.iisp.gatech.edu/sites/default/files/documents/acing_ioc_-_ccs16.pdf,2016,dl.acm.org
Understanding Diverse Usage Patterns from Large-Scale Appstore-Service Profiles,http://ieeexplore.ieee.org/abstract/document/7883939/,http://ieeexplore.ieee.org/iel7/32/4359463/07883939.pdf,2017,ieeexplore.ieee.org
A formal approach for detection of security flaws in the android permission system,https://link.springer.com/article/10.1007/s00165-017-0445-z,https://link.springer.com/article/10.1007/s00165-017-0445-z,2016,Springer
Inferring security policies from semantic attributes,https://g.nuist.top/patents/US9769208,https://g.nuist.top/patents/US9769208,2017,GooglePatents
Android application classification and anomaly detection with graph-based permission patterns,http://www.sciencedirect.com/science/article/pii/S0167923616301555,http://www.sciencedirect.com/science/article/pii/S0167923616301555,2017,Elsevier
On Risk in Access Control Enforcement,http://dl.acm.org/citation.cfm?id=3078872,http://www.cse.psu.edu/~trj1/papers/sacmat17.pdf,2017,dl.acm.org
The Curious Case of the PDF Converter that Likes Mozart: Dissecting and Mitigating the Privacy Risk of Personal Cloud Apps,https://arxiv.org/abs/1608.05661,https://arxiv.org/pdf/1608.05661,2016,arxiv.org
PACS: Pemission abuse checking system for android applictions based on review mining,http://ieeexplore.ieee.org/abstract/document/8073813/,http://ieeexplore.ieee.org/abstract/document/8073813/,2017,ieeexplore.ieee.org
Detecting sensitive data disclosure via bi-directional text correlation analysis,http://dl.acm.org/citation.cfm?id=2950348,https://www.ece.uwaterloo.ca/~lintan/publications/bidText-fse16.pdf,2016,dl.acm.org
Detecting Permission Over-claim of Android Applications with Static and Semantic Analysis Approach,http://ieeexplore.ieee.org/abstract/document/8029506/,http://ieeexplore.ieee.org/abstract/document/8029506/,2017,ieeexplore.ieee.org
Specialized Binary Analysis for Vetting Android APPS Using GUI Logic,http://www.dtic.mil/docs/citations/AD1008347,http://www.dtic.mil/dtic/tr/fulltext/u2/1008347.pdf,AMemon,2016
Featuresmith: Automatically engineering features for malware detection by mining the security literature,http://dl.acm.org/citation.cfm?id=2978304,https://www.umiacs.umd.edu/~tdumitra/papers/CCS-2016.pdf,2016,dl.acm.org
UiRef: analysis of sensitive user inputs in Android applications,http://dl.acm.org/citation.cfm?id=3098247,http://taoxie.cs.illinois.edu/publications/wisec17-uiref.pdf,2017,dl.acm.org
Sarre: semantics-aware rule recommendation and enforcement for event paths on android,http://ieeexplore.ieee.org/abstract/document/7524685/,http://yongboli.com/paper/2016_TIFS_SARRE.pdf,2016,ieeexplore.ieee.org
Detecting android malicious apps and categorizing benign apps with ensemble of classifiers,http://www.sciencedirect.com/science/article/pii/S0167739X17300742,http://www.sciencedirect.com/science/article/pii/S0167739X17300742,2017,Elsevier
The Privacy Landscape of Pervasive Computing,http://ieeexplore.ieee.org/abstract/document/7994573/,https://pdfs.semanticscholar.org/360c/827098470d22d42e1ed08a9b3463279263fc.pdf,2017,ieeexplore.ieee.org
PrivacyStreams: Enabling Transparency in Personal Data Processing for Mobile Apps,http://dl.acm.org/citation.cfm?id=3130941,https://pdfs.semanticscholar.org/f375/66fa1c54e230d47d54d27c4b6941c16f5e74.pdf,2017,dl.acm.org
Characterizing Android apps' behavior for effective detection of malapps at large scale,http://www.sciencedirect.com/science/article/pii/S0167739X17307720,http://www.sciencedirect.com/science/article/pii/S0167739X17307720,2017,Elsevier
Statis Program Analysis for Reliable, Trusted Apps,http://www.dtic.mil/docs/citations/AD1027177,http://www.dtic.mil/get-tr-doc/pdf?AD=AD1027177,MErnst,2017
Can we trust the privacy policies of android apps?,http://ieeexplore.ieee.org/abstract/document/7579770/,http://www4.comp.polyu.edu.hk/~csxluo/PPChecker.pdf,2016,ieeexplore.ieee.org
Understanding Diverse Smarpthone Usage Patterns from Large-Scale Appstore-Service Profiles,https://arxiv.org/abs/1702.05060,https://arxiv.org/pdf/1702.05060,2017,arxiv.org
Flash {Drive}{Lifespan}* is* a {Problem},http://www.cs.technion.ac.il/~dan/papers/fbrick-hotos-2017.pdf,http://www.cs.technion.ac.il/~dan/papers/fbrick-hotos-2017.pdf,2017,cs.technion.ac.il
Flowintent: Detecting privacy leakage from user intention to network traffic mapping,http://ieeexplore.ieee.org/abstract/document/7732993/,https://arxiv.org/pdf/1605.04025,2016,ieeexplore.ieee.org
Identifying and analyzing the privacy of apps for kids,http://dl.acm.org/citation.cfm?id=2873597,http://dl.acm.org/ft_gateway.cfm?id=2873597&type=pdf,2016,dl.acm.org
A recommender system for efficient discovery of new anomalies in large-scale access logs,https://arxiv.org/abs/1610.08117,https://arxiv.org/pdf/1610.08117,2016,arxiv.org
DroidDisintegrator: intra-application information flow control in Android apps,http://dl.acm.org/citation.cfm?id=2897888,http://dl.acm.org/citation.cfm?id=2897888,2016,dl.acm.org
A Skewness-Based Framework for Mobile App Permission Recommendation and Risk Evaluation,http://link.springer.com/chapter/10.1007/978-3-319-46295-0_16,http://link.springer.com/chapter/10.1007/978-3-319-46295-0_16,2016,Springer
A study of grayware on google play,http://ieeexplore.ieee.org/abstract/document/7527773/,https://pdfs.semanticscholar.org/328c/e47e85339ff47d4977bd6545d761f2ff8b2f.pdf,2016,ieeexplore.ieee.org
CamForensics: Understanding Visual Privacy Leaks in the Wild,https://pdfs.semanticscholar.org/bcca/d316045861ef4ceb288f7dd9dff5cc2e5cc1.pdf,https://pdfs.semanticscholar.org/bcca/d316045861ef4ceb288f7dd9dff5cc2e5cc1.pdf,KHKim,2017
Identify the Semantic Meaning of Service Rules with Natural Language Processing,http://ieeexplore.ieee.org/abstract/document/7943333/,https://researchspace.auckland.ac.nz/bitstream/handle/2292/34756/PID4507045withcoversheet.pdf?sequence=10,2016,ieeexplore.ieee.org
Droidward: an effective dynamic analysis method for vetting android applications,http://link.springer.com/article/10.1007/s10586-016-0703-5,http://link.springer.com/article/10.1007/s10586-016-0703-5,2016,Springer
Towards Automatically Detecting Promotional Attacks in Mobile App Store,https://ipsj.ixsq.nii.ac.jp/ej/?action=pages_view_main&active_action=repository_view_main_item_detail&item_id=175584&item_no=1&page_id=13&block_id=8,https://ipsj.ixsq.nii.ac.jp/ej/?action=repository_action_common_download&item_id=175584&item_no=1&attribute_id=1&file_no=1,TMori,2016
Revisiting the description-to-behavior fidelity in android applications,http://ieeexplore.ieee.org/abstract/document/7476662/,http://www4.comp.polyu.edu.hk/~csxluo/TAPVerifier.pdf,2016,ieeexplore.ieee.org
I find your behavior disturbing: Static and dynamic app behavioral analysis for detection of android malware,http://ieeexplore.ieee.org/abstract/document/7906947/,https://pdfs.semanticscholar.org/5818/dbe46191ab7eaf97c279009fef13e72f1407.pdf,2016,ieeexplore.ieee.org
Peruim: Understanding mobile application privacy with permission-ui mapping,http://dl.acm.org/citation.cfm?id=2971693,http://sei.pku.edu.cn/~yaoguo/papers/Li-UbiComp-16.pdf,2016,dl.acm.org
Android app behaviour classification using topic modeling techniques and outlier detection using app permissions,http://ieeexplore.ieee.org/abstract/document/7913246/,http://ieeexplore.ieee.org/abstract/document/7913246/,2016,ieeexplore.ieee.org
Understanding third-party libraries in mobile app analysis,http://dl.acm.org/citation.cfm?id=3098523,http://sei.pku.edu.cn/~yaoguo/papers/Wang-ICSE-17.pdf,2017,dl.acm.org
Malware Detection in Mobile Devices by Analyzing Sequences of System Calls,http://www.waset.org/publications/10007173,http://www.waset.org/publications/10007173,2017,waset.org
Pinpointing mobile malware using code analysis,http://ieeexplore.ieee.org/abstract/document/7832995/,http://www.ece.ubc.ca/~mjulia/publications/Pinpointing_Mobile_Malware_Using_Code_Analysis_2016.pdf,2016,ieeexplore.ieee.org
Identifying malicious Android apps using permissions and system events,http://www.inderscienceonline.com/doi/abs/10.1504/IJES.2016.073752,http://www.inderscienceonline.com/doi/abs/10.1504/IJES.2016.073752,2016,inderscienceonline.com
Droiddisintegrator: Intra-application information flow control in android apps,http://www.cs.tau.ac.il/~tromer/disintegrator/disintegrator.pdf,http://www.cs.tau.ac.il/~tromer/disintegrator/disintegrator.pdf,2016,cs.tau.ac.il
Android App Malicious Behavior Detection Based on User Intention,http://ieeexplore.ieee.org/abstract/document/7846993/,http://ieeexplore.ieee.org/abstract/document/7846993/,2016,ieeexplore.ieee.org
App Store Analysis for Software Engineering,http://discovery.ucl.ac.uk/1537482/,http://discovery.ucl.ac.uk/1537482/1/App_Store_Analysis_Thesis_William_Martin.pdf,WJMartin,2017
Converting Service Rules to Semantic Rules,http://ieeexplore.ieee.org/abstract/document/7557523/,http://ieeexplore.ieee.org/abstract/document/7557523/,2016,ieeexplore.ieee.org
Analysis of machine learning solutions to detect malware in android,http://ieeexplore.ieee.org/abstract/document/7845073/,http://ieeexplore.ieee.org/abstract/document/7845073/,2016,ieeexplore.ieee.org
A Framework for Permission Recommendation and Risk Evaluation Based on Skewness-Based Filtering,http://ieeexplore.ieee.org/abstract/document/7557526/,http://ieeexplore.ieee.org/abstract/document/7557526/,2016,ieeexplore.ieee.org
Systematic discovery of Android customization hazards,http://search.proquest.com/openview/331bd2f3011e462a4371f971c280b13b/1?pq-origsite=gscholar&cbl=18750&diss=y,http://surface.syr.edu/cgi/viewcontent.cgi?article=1635&context=etd,YAafer,2016
Institute for Software Research,http://isr.uci.edu/sites/isr.uci.edu/files/techreports/UCI-ISR-16-1.pdf,http://isr.uci.edu/sites/isr.uci.edu/files/techreports/UCI-ISR-16-1.pdf,SMalek,2016
Automating Release of Deep Link APIs for Android Applications,https://arxiv.org/abs/1711.11564,https://arxiv.org/pdf/1711.11564,2017,arxiv.org
TriFlow: Triaging Android Applications using Speculative Information Flows,http://dl.acm.org/citation.cfm?id=3053001,http://www.seg.inf.uc3m.es/~omirzaei/files/C4_oqh4e5ik.pdf,2017,dl.acm.org
SemFuzz: Semantics-based Automatic Generation of Proof-of-Concept Exploits,http://159.226.94.50:9001/paper/conference/semfuzz-semantics-based.pdf,http://159.226.94.50:9001/paper/conference/semfuzz-semantics-based.pdf,PBian…,2017
INSPIRED: Intention-based Privacy-preserving Permission Model,https://arxiv.org/abs/1709.06654,https://arxiv.org/pdf/1709.06654,2017,arxiv.org
ICON: inferring temporal constraints from natural language API descriptions,http://ieeexplore.ieee.org/abstract/document/7816483/,http://rahulpandita.me/files/panditaICSME2016.pdf,2016,ieeexplore.ieee.org
Security Assessment of Code Obfuscation Based on Dynamic Monitoring in Android Things,http://ieeexplore.ieee.org/abstract/document/7898406/,http://ieeexplore.ieee.org/iel7/6287639/7859429/07898406.pdf,2017,ieeexplore.ieee.org
Exploring new attack vectors for the exploitation of smartphones,http://www.cl.cam.ac.uk/techreports/UCAM-CL-TR-909.html,http://www.cl.cam.ac.uk/techreports/UCAM-CL-TR-909.pdf,LSimon,2017
On the effectiveness of application characteristics in the automatic classification of malware on smartphones,http://ieeexplore.ieee.org/abstract/document/7888732/,https://www.cs.drexel.edu/~spiros/papers/malcon2016.pdf,2016,ieeexplore.ieee.org
A Semantic-based Analysis of Android Malware for Detection, Generation, and Trend Analysis,http://www.ntu.edu.sg/home/yangliu/publications/guozhuthesis.pdf,http://www.ntu.edu.sg/home/yangliu/publications/guozhuthesis.pdf,GMeng,2017
On a (Per) Mission: Building Privacy Into the App Marketplace,http://dl.acm.org/citation.cfm?id=2994466,https://pdfs.semanticscholar.org/b89d/e6e0b5ef3a2a182775631d07bf154ebba79a.pdf,2016,dl.acm.org
Detecting Privacy Leaks Through Existing Android Frameworks,http://spectrum.library.concordia.ca/982501/,http://spectrum.library.concordia.ca/982501/1/Parul_Thesis_April23.pdf,PKhanna,2017
RoppDroid: Robust permission re-delegation prevention in Android inter-component communication,http://www.sciencedirect.com/science/article/pii/S0167404817300688,http://www.sciencedirect.com/science/article/pii/S0167404817300688,2017,Elsevier
A Policy-Driven Framework for Document Classification and Enterprise Security,http://ieeexplore.ieee.org/abstract/document/7816945/,http://ieeexplore.ieee.org/abstract/document/7816945/,2016,ieeexplore.ieee.org
Context-dependent privacy and security management on mobile devices,http://ebiquity.umbc.edu/get/a/publication/853.pdf,http://ebiquity.umbc.edu/get/a/publication/853.pdf,2017,ebiquity.umbc.edu
Measuring the risk value of sensitive dataflow path in Android applications,http://onlinelibrary.wiley.com/doi/10.1002/sec.1746/full,http://onlinelibrary.wiley.com/doi/10.1002/sec.1746/full,2016,WileyOnlineLibrary
A Privacy Guard Service,http://ieeexplore.ieee.org/abstract/document/8029222/,http://ieeexplore.ieee.org/abstract/document/8029222/,2017,ieeexplore.ieee.org
Small changes, big changes: an updated view on the Android permission system,http://link.springer.com/chapter/10.1007/978-3-319-45719-2_16,http://www.zhauniarovich.com/files/pubs/SmallChangesBigChanges_Zhauniarovich2016.pdf,2016,Springer
An Initial Investigation of Protocol Customization,http://web.eecs.umich.edu/~alfchen/david_feast17.pdf,http://web.eecs.umich.edu/~alfchen/david_feast17.pdf,ZMMao,2017
Interactive visualization toolbox to detect sophisticated android malware,http://ieeexplore.ieee.org/abstract/document/8062197/,https://ben-holland.com/papers/Interactive_Visualization_Toolbox_to_Detect_Sophisticated_Android_Malware.pdf,2017,ieeexplore.ieee.org
Analysis and Classification of Android Malware,https://www.royalholloway.ac.uk/isg/documents/pdf/technicalreports/2016/rhul-isg-2016-15-kimberly-tam-technical-report.pdf,https://www.royalholloway.ac.uk/isg/documents/pdf/technicalreports/2016/rhul-isg-2016-15-kimberly-tam-technical-report.pdf,KKCTam,2016
SecuRank: Starving Permission-Hungry Apps Using Contextual Permission Analysis,http://dl.acm.org/citation.cfm?id=2994474,http://dl.acm.org/citation.cfm?id=2994474,2016,dl.acm.org
Text analytics for security: tutorial,http://dl.acm.org/citation.cfm?id=2898397,http://dl.acm.org/ft_gateway.cfm?id=2898397&type=pdf,2016,dl.acm.org
There are many apps for that: quantifying the availability of privacy-preserving apps,https://www.repository.cam.ac.uk/handle/1810/266673,https://www.repository.cam.ac.uk/bitstream/handle/1810/266673/TaylorBeresfordMartinovic-ManyAppsForThat-WiSec2017%20(1)%20(1).pdf?sequence=1,IMartinovic,2017
The simpler, the better? Presenting the COPING Android permission-granting interface for better privacy-related decisions,http://www.sciencedirect.com/science/article/pii/S2214212616302721,http://www.sciencedirect.com/science/article/pii/S2214212616302721,2016,Elsevier
Bridging the gap between Privacy by Design and mobile systems by patterns,http://www.theses.fr/2016TROY0008,http://www.theses.fr/2016TROY0008.pdf,KPerez,2016
A study of security issues of mobile apps in the android platform using machine learning approaches,http://search.proquest.com/openview/5c8f66b25771d36c8c079b071572e2ac/1?pq-origsite=gscholar&cbl=18750&diss=y,http://search.proquest.com/openview/5c8f66b25771d36c8c079b071572e2ac/1?pq-origsite=gscholar&cbl=18750&diss=y,LCen,2016
Modeling app behavior from multiple artifacts,http://ieeexplore.ieee.org/abstract/document/7515493/,http://ieeexplore.ieee.org/abstract/document/7515493/,2016,ieeexplore.ieee.org
There's Wally! Location Tracking in Android without Permissions.,https://www.researchgate.net/profile/Constantinos_Patsakis/publication/314504923_There%27s_Wally_Location_Tracking_in_Android_without_Permissions/links/59d3e2760f7e9b4fd7ffc384/Theres-Wally-Location-Tracking-in-Android-without-Permissions.pdf,https://www.researchgate.net/profile/Constantinos_Patsakis/publication/314504923_There%27s_Wally_Location_Tracking_in_Android_without_Permissions/links/59d3e2760f7e9b4fd7ffc384/Theres-Wally-Location-Tracking-in-Android-without-Permissions.pdf,2017,researchgate.net
A Deep and Longitudinal Approach to Mining Mobile Applications,http://search.proquest.com/openview/e98fce9f656abee080927f60f67b08ab/1?pq-origsite=gscholar&cbl=18750&diss=y,http://search.proquest.com/openview/e98fce9f656abee080927f60f67b08ab/1?pq-origsite=gscholar&cbl=18750&diss=y,KAAlharbi,2016
Automated App Categorization using API analysis,http://www0.cs.ucl.ac.uk/staff/y.jia/resources/studentprojects/Kelly_Zhou_Automated_App_Categorization_using%20API_analysis.pdf,http://www0.cs.ucl.ac.uk/staff/y.jia/resources/studentprojects/Kelly_Zhou_Automated_App_Categorization_using%20API_analysis.pdf,JIZHOU,2016
Mobile malware detection approach using ensemble classification,http://zrxuebao.njust.edu.cn/en/oa/darticle.aspx?type=view&id=201601006,http://zrxuebao.njust.edu.cn/en/oa/darticle.aspx?type=view&id=201601006,2016,zrxuebao.njust.edu.cn
Functionalities as Superior Predictor of Applications Privacy Threats.,https://books.google.com/books?hl=en&lr=&id=eu29CwAAQBAJ&oi=fnd&pg=PA263&ots=EdS6hskzJ1&sig=qnqDu0EVfqZUJQQWr90TrA2Y094,http://cedricgaspoz.com/files/publications/DeSanto_Quiquerez_Gaspoz16a_Functionalities_as_predictor.pdf,2016,books.google.com
多维度的安卓应用相似度分析,http://www.airitilibrary.com/Publication/alDetailedMesh?docid=jsjkx201603037,http://www.airitilibrary.com/Publication/alDetailedMesh?docid=jsjkx201603037,2016,airitilibrary.com
利用三角模糊数的语言变量项集减项算法,http://jst.tsinghuajournals.com/CN/abstract/abstract150057.shtml,http://jst.tsinghuajournals.com/CN/article/downloadArticleFile.do?attachType=PDF&id=150057,2017,jst.tsinghuajournals.com
Metin Tabanlı Test Durumlarının Kullanacağı Yazılım Modüllerinin Tahmin Edilmesi,http://ceur-ws.org/Vol-1980/YTM_2017_paper_9.pdf,http://ceur-ws.org/Vol-1980/YTM_2017_paper_9.pdf,ESamaner…,2017
基于行为的 Android 恶意软件判定方法及其有效性,http://www.joca.cn/CN/article/downloadArticleFile.do?attachType=PDF&id=19154,http://www.joca.cn/CN/article/downloadArticleFile.do?attachType=PDF&id=19154,2016,joca.cn
基于集成分类的恶意应用检测方法,http://www.cqvip.com/qk/91657a/201601/668131466.html,http://www.cqvip.com/qk/91657a/201601/668131466.html,2016,cqvip.com
On a (Per) Mission: Leveraging User Ratings of App Permissions to Help Users Manage Privacy,https://cs.brown.edu/research/pubs/theses/phd/2017/hannah.pdf,https://cs.brown.edu/research/pubs/theses/phd/2017/hannah.pdf,HQuay,delaVallee
pDroid,http://trace.tennessee.edu/utk_gradthes/4020/,http://trace.tennessee.edu/cgi/viewcontent.cgi?article=5254&context=utk_gradthes,JLAllen,2016
移动应用安全解析学: 成果与挑战,https://web.engr.illinois.edu/~taoxie/publications/jcs16-securityanalytics.pdf,https://web.engr.illinois.edu/~taoxie/publications/jcs16-securityanalytics.pdf,2016,engr.illinois.edu
